source_id,question_number,section_type,primary_target,subtype,secondary_features,sentence_word_count,clause_count,correct_answer,error_span_position,error_span_span_type,error_span_tested_error_type,error_span_error_explanation,error_span_minimal_correction,A_is_error,A_grammatical_role,A_why_plausible_as_test_target,B_is_error,B_grammatical_role,B_why_plausible_as_test_target,C_is_error,C_grammatical_role,C_why_plausible_as_test_target,D_is_error,D_grammatical_role,D_why_plausible_as_test_target,error_location,error_scope,vocabulary_domain,syntactic_complexity,error_detectability,distractor_plausibility,estimated_difficulty_ai,taxonomy_issue,taxonomy_issue_reason
Practice Test B,16,Written Expression,REFERENCE_AND_DETERMINERS,absolute possessive pronoun used where a possessive determiner is required (hers vs. her before a noun),superlative noun phrase 'one of the first',18,2,D,D,pronoun,incorrect_part_of_speech,The absolute possessive pronoun cannot directly precede and modify a noun; a determiner form is required before 'subjects'.,change 'hers' to 'her',False,main_verb,main verb of the first clause; correctly agrees with 'Margaret Mead'.,False,adjective,modifies 'cultures'; correctly formed adjective.,False,noun_phrase,part of the superlative phrase 'one of the first anthropologists'; correctly formed.,True,pronoun,"looks like a normal possessive pronoun, but the absolute form cannot sit directly before the noun it modifies.",sentence_final,local,anthropology,2,2,2,2,False,
Practice Test B,17,Written Expression,VERB_FORM_VOICE,"passive voice auxiliary-participle word order (is sold, not sold is)",appositive phrase describing subject,17,1,C,C,verb_phrase,wrong_word_order,The passive verb phrase reverses the required auxiliary-before-participle order; the auxiliary 'is' must precede the participle 'sold'.,change 'sold is' to 'is sold',False,determiner,introduces the appositive describing talc; correctly formed.,False,noun_phrase,object of 'with' inside the appositive; correctly formed.,True,verb_phrase,"each word is a normal passive-voice component, so only checking their order reveals the reversal.",False,adjective,participial adjective modifying 'form'; correctly formed.,middle,local,mineralogy,2,3,3,2,False,
Practice Test B,18,Written Expression,CONNECTORS_CONJUNCTIONS,comparative exclusion phrase 'rather than' vs. ungrammatical 'instead than',gerund phrase 'burning iron ore',22,2,D,D,conjunction,wrong_preposition_collocation,'Instead' cannot combine with 'than'; the comparative phrase requires 'rather than' (or 'instead of') to contrast the two methods.,change 'instead than' to 'rather than',False,preposition,introduces the time phrase; correctly used.,False,verb_phrase,verb of the embedded clause; correctly formed with modal 'could'.,False,gerund,object of 'by'; correctly formed gerund.,True,conjunction,"sounds like a natural contrastive phrase, but 'instead' is not grammatical when directly followed by 'than'.",sentence_final,local,metallurgy/industrial history,2,2,2,2,False,
Practice Test B,19,Written Expression,NONFINITE_VERB_PHRASES,"infinitive of purpose required instead of gerund after 'to' (to study, not to studying)",quantifier phrase 'a number of',18,1,D,D,infinitive_phrase,wrong_verb_form,"The instruments' purpose is expressed with an infinitive ('to study'), but a gerund form follows 'to' instead, which is only correct if 'to' were a preposition, not an infinitive marker here.",change 'to studying' to 'to study',False,subject,subject of the sentence; correctly plural.,False,verb_phrase,prepositional verb 'rely on'; correctly formed.,False,quantifier,quantifying phrase before 'instruments'; correctly formed.,True,verb_phrase,"looks like a normal gerund object, obscuring that the preceding 'to' here functions as an infinitive marker of purpose.",late,local,volcanology,2,2,2,2,False,
Practice Test B,20,Written Expression,RELATIVE_CLAUSES,relative pronoun choice (who vs. which) for a non-human antecedent,"inverted sentence structure (fronted complement, subject-verb inversion)",21,2,D,D,relative_marker,incorrect_relative_marker,"The relative clause modifies 'the laws of motion', a non-human antecedent, so 'which' or 'that' is required rather than the person-referring pronoun 'who'.",change 'who' to 'which',False,adjective,participial adjective heading the fronted phrase; correctly formed.,False,noun_phrase,coordinate noun phrase in the fronted complement; correctly formed.,False,main_verb,main verb in the inverted construction; correctly agrees with the plural subject 'the laws of motion'.,True,relative_pronoun,"immediately follows a long noun phrase, which could distract from the fact that the antecedent denotes a concept, not a person.",late,sentence_level,physics/history of science,3,2,2,2,False,
Practice Test B,21,Written Expression,NONFINITE_VERB_PHRASES,"finite passive verb used where a reduced passive participial phrase is required (Opened, not Was opened)",reduced participial phrase 'devoted to',22,1,A,A,verb_phrase,wrong_verb_form,"The sentence opener must be a reduced participial phrase modifying 'the Phillips Collection', not a second finite verb, since the sentence's only finite verb is 'was' later on.",change 'Was opened' to 'Opened',True,main_verb,"reads like an ordinary finite passive verb, masking that the sentence needs a non-finite opening modifier instead.",False,main_verb,the sentence's true main verb; correctly agrees with 'the Phillips Collection'.,False,adjective,reduced participial phrase modifying 'museum'; correctly formed.,False,noun_phrase,object of 'to'; correctly formed.,sentence_initial,sentence_level,art/museum history,3,3,3,3,False,
Practice Test B,22,Written Expression,NONFINITE_VERB_PHRASES,"gerund required after the verb 'enjoy' (owning, not to own)",semicolon joining two independent clauses,24,2,D,D,infinitive_phrase,wrong_verb_form,"'Enjoy' obligatorily takes a gerund complement, not an infinitive; the correct form is 'enjoy owning a house'.",change 'to own' to 'owning',False,main_verb,main verb of the first clause; correctly agrees with 'a mortgage'.,False,verb_phrase,infinitive complement of 'enables'; correctly formed since 'enable' takes an infinitive.,False,gerund,object of the preposition 'without'; correctly formed gerund.,True,verb_phrase,"an infinitive looks like a natural way to complete 'able to enjoy', but 'enjoy' specifically requires a gerund complement.",sentence_final,local,finance/economics,2,2,2,2,False,
Practice Test B,23,Written Expression,CONNECTORS_CONJUNCTIONS,comparison preposition 'like' vs. predicate adjective 'alike',coordinate clauses joined by 'but',16,2,A,A,adjective,incorrect_part_of_speech,'Alike' is a predicate adjective that cannot head a phrase before a noun; the preposition 'like' is required to mean 'similar to'.,change 'Alike' to 'Like',True,preposition,"closely related in meaning and spelling to the correct word, making the substitution easy to overlook.",False,main_verb,main verb of the first clause; correctly agrees with 'ethnohistorians'.,False,adverb,adverb linking the coordinate clause; correctly used.,False,noun_phrase,object of 'from'; correctly formed.,sentence_initial,local,anthropology/ethnography,1,2,2,1,False,
Practice Test B,24,Written Expression,COMPARATIVES_DEGREE,double superlative marking (most lowest) with an already-superlative irregular form,,16,1,B,B,comparative_marker,extraneous_element,"'Lowest' is already the irregular superlative of 'low', so adding 'most' creates a redundant double superlative.",change 'most lowest' to 'lowest',False,main_verb,main verb of the sentence; correctly agrees with the subject.,True,adjective,"'most' before an adjective is a normal superlative pattern, which conceals that 'lowest' is already superlative on its own.",False,preposition,introduces the final adverbial phrase; correctly used.,False,noun_phrase,object of 'during'; correctly formed.,middle,local,physiology/medicine,1,1,1,1,False,
Practice Test B,25,Written Expression,REFERENCE_AND_DETERMINERS,possessive determiner required before a noun (its vs. it),,17,1,C,C,pronoun,incorrect_part_of_speech,The subject pronoun 'it' cannot modify the following noun 'use'; the possessive determiner 'its' is required.,change 'it' to 'its',False,subject,head of the subject noun phrase; correctly formed.,False,main_verb,main verb of the sentence; correctly formed present perfect.,True,pronoun,"reads like a normal pronoun referring back to acupuncture, but it wrongly appears in the possessive-determiner slot before a noun.",False,noun_phrase,object of 'in'; correctly formed.,late,local,medicine/alternative medicine,1,1,2,1,False,
Practice Test B,26,Written Expression,NONFINITE_VERB_PHRASES,"gerund required after preposition 'from' (escaping, not escape)",,12,1,C,C,gerund_phrase,wrong_verb_form,"A preposition must be followed by a gerund (or noun), not a bare verb form; 'from' requires 'escaping'.",change 'escape' to 'escaping',False,adjective,modifies 'field'; correctly formed.,False,verb_phrase,modal + main verb; correctly formed.,True,verb_phrase,"looks like a plain noun/verb naming the action, obscuring that the preceding preposition requires a gerund.",False,noun_phrase,object of 'into'; correctly formed.,late,local,astronomy/planetary science,2,2,2,2,False,
Practice Test B,27,Written Expression,VERB_FORM_VOICE,"passive voice requires a past participle after 'be' (valued, not value)",subordinate clause with 'Although',21,2,B,B,verb_phrase,wrong_verb_form,"The pecan tree is the entity being valued, so the passive requires the past participle 'valued' after 'is chiefly', not the bare verb form.",change 'value' to 'valued',False,conjunction,introduces the concessive clause; correctly used.,True,main_verb,"reads like a plain present-tense verb, masking that the preceding 'is chiefly' requires a passive participle instead.",False,main_verb,main verb of the second clause; correctly passive and agreeing with 'wood'.,False,preposition,introduces the list of uses; correctly used.,early,local,botany/forestry,2,2,2,2,False,
Practice Test B,28,Written Expression,REFERENCE_AND_DETERMINERS,plural noun required after cardinal number 'three',participial phrase 'Born in Texas';gerund phrase 'before publishing',24,1,B,B,noun_phrase,agreement_error,"The numeral 'three' requires a plural countable noun, but the singular form is used instead.",change 'collection' to 'collections',False,noun_modifier,opening participial phrase; correctly formed.,True,noun_phrase,"the singular form looks natural read alone, but conflicts with the preceding numeral 'three'.",False,gerund,object of 'before'; correctly formed gerund.,False,noun_phrase,part of the title/object phrase; correctly formed.,middle,local,literature/biography,1,2,2,1,False,
Practice Test B,29,Written Expression,PARALLEL_STRUCTURE,"parallel nouns in a three-item coordinate subject list (protection, not protect)",,18,1,A,A,verb_phrase,incorrect_part_of_speech,"The subject is a three-item coordinate list of nouns ('Insulation', ___, 'and camouflage'); the verb form breaks the required parallel noun pattern.",change 'protect' to 'protection',True,subject,"reads like a normal verb naming an action, obscuring that it must match the noun form of the other list items.",False,preposition,introduces the objects of the second list item; correctly used.,False,main_verb,main verb of the sentence; correctly agrees with the plural compound subject.,False,noun_phrase,object of 'among'; correctly formed.,early,clause_level,zoology/biology,3,3,3,3,False,
Practice Test B,30,Written Expression,WORD_CLASS_FORM,"adjective required to modify a noun (recent surge), not adverb form (recently)",noun clause 'that students are not sufficiently involved...',23,2,C,C,adverb,incorrect_part_of_speech,"The word directly modifies the noun 'surge', which requires an adjective, but the adverb form is used instead.",change 'recently' to 'recent',False,noun_phrase,subject noun phrase with a noun clause complement; correctly formed.,False,main_verb,main verb of the sentence; correctly agrees with 'the notion'.,True,adjective,"an adverb before a noun phrase can look like a normal time expression, masking that a noun modifier needs the adjective form.",False,noun_phrase,object of 'for'; correctly formed.,late,local,education/higher education,2,3,3,2,False,
Practice Test B,31,Written Expression,VERB_COMPLEMENTATION,"bare infinitive required after 'help + object' (help...solve, not solved)",introductory phrase 'As secretary of transportation...',25,1,C,C,verb_phrase,wrong_verb_form,"'Help' followed by an object takes a bare infinitive (or 'to'-infinitive) complement, not a past-tense form; the object 'the bankrupt railroads' needs 'solve' their financial problems.",change 'solved' to 'solve',False,preposition,introduces the opening role phrase; correctly used.,False,verb_phrase,main verb plus infinitive complement; correctly formed as far as 'worked to help' goes.,True,verb_phrase,"reads like a natural past-tense verb continuing the narrative, obscuring that the causative pattern 'help + object' requires a bare infinitive.",False,adjective,modifies 'problems'; correctly formed.,sentence_final,clause_level,transportation/government history,3,3,3,3,False,
Practice Test B,32,Written Expression,VERB_COMPLEMENTATION,"predicate adjective required after linking verb 'be' (evident, not adverb evidently)",relative clause introduced by 'where',17,2,A,A,adverb,incorrect_part_of_speech,"After the linking verb 'are', a predicate adjective describing 'Faults' is required, but the adverb form is used instead.",change 'evidently' to 'evident',True,predicate_adjective,"immediately follows 'most', which looks like a normal intensifier-plus-adverb pair, but the linking verb before it requires an adjective.",False,adjective,modifies 'formations'; correctly formed.,False,relative_pronoun,introduces the relative clause; correctly used for a place antecedent.,False,main_verb,verb of the relative clause; correctly agrees with 'they'.,middle,local,geology,2,2,2,2,False,
Practice Test B,33,Written Expression,VERB_COMPLEMENTATION,"verb + preposition collocation ('benefit from', not 'benefit of')",,11,1,B,B,prepositional_phrase,wrong_preposition_collocation,'Benefit' collocates with the preposition 'from' to introduce its source; 'of' does not fit this verb-preposition pattern.,change 'of' to 'from',False,adjective,participial adjective modifying 'plants'; correctly formed.,True,preposition,"a common general-purpose preposition that looks acceptable in many contexts, but does not collocate with 'benefit' here.",False,adjective,modifies 'butterflies'; correctly formed.,False,noun_phrase,coordinate object of 'by'; correctly formed.,early,local,botany/entomology,1,2,2,1,False,
Practice Test B,34,Written Expression,WORD_CLASS_FORM,"ordinal number required in a century expression (fifteenth, not cardinal fifteen)",reduced relative clause 'spoken at the time of...',27,1,D,D,adjective,incorrect_part_of_speech,"A century must be named with an ordinal number ('fifteenth'), but the cardinal number form is used instead.",change 'fifteen' to 'fifteenth',False,quantifier,quantifying phrase before the subject noun; correctly formed.,False,noun_modifier,reduced relative clause modifying 'languages'; correctly formed.,False,noun_phrase,object of 'of' inside the time phrase; correctly formed.,True,adjective,"a plain number looks like ordinary usage, but a century name specifically requires the ordinal form.",sentence_final,local,linguistics/anthropology,2,3,3,2,False,
Practice Test B,35,Written Expression,REFERENCE_AND_DETERMINERS,"demonstrative pronoun required to head a postmodified phrase (those of X, not personal pronoun them)",non-restrictive relative clause with 'whose',19,2,D,D,pronoun,incorrect_part_of_speech,The personal pronoun 'them' cannot be followed by an 'of'-phrase to stand for 'the sounds'; only the demonstrative pronoun 'those' can head such a postmodified phrase.,change 'them' to 'those',False,relative_pronoun,introduces the possessive relative clause; correctly formed.,False,verb_phrase,verb of the relative clause; correctly agrees with 'works'.,False,preposition,introduces the second coordinated element; correctly used.,True,pronoun,"correctly matches 'sounds' in number, which can mask that its grammatical type cannot take a following 'of' modifier.",sentence_final,clause_level,music/biography,3,4,3,4,False,
Practice Test B,36,Written Expression,CONNECTORS_CONJUNCTIONS,preposition choice incompatible with a paired 'until' phrase (during vs. from...until),restrictive relative clause 'that has persisted',31,2,B,B,prepositional_phrase,wrong_preposition_collocation,'During' marks a bounded period and cannot pair with a following 'until' phrase; the correlative preposition 'from' is required to combine with 'until the present day'.,change 'during' to 'from',False,subject,subject noun phrase of the sentence; correctly formed.,True,preposition,"a common preposition for time periods that looks fine on its own, but does not correlate with the following 'until' phrase.",False,preposition,introduces the final prepositional phrase; correctly used.,False,noun_phrase,object of 'of'; correctly formed.,early,clause_level,economics/agriculture,3,4,3,4,False,
Practice Test B,37,Written Expression,REFERENCE_AND_DETERMINERS,"plural noun required after quantifier 'several' (settings, not setting)",non-restrictive relative clause 'most of which';restrictive relative clause 'that make up',26,3,B,B,noun_phrase,agreement_error,"The quantifier 'several' requires a plural countable noun, but the singular form is used instead.",change 'setting' to 'settings',False,main_verb,main verb of the sentence; correctly agrees with 'Volcanism'.,True,noun_phrase,"the singular form looks fine on its own, but conflicts with the plural sense required by the preceding quantifier 'several'.",False,adjective,modifies 'plates'; correctly formed.,False,verb_phrase,verb of the final relative clause; correctly agrees with 'plates'.,early,local,geology/earth science,2,2,2,2,False,
Practice Test B,38,Written Expression,WORD_ORDER_MODIFICATION,"attributive adjective misplaced after its noun instead of before it (native plants, not plants native)",relative clause with omitted relative pronoun 'they made';appositive phrase 'an illness similar to malaria',24,2,C,C,noun_phrase,wrong_word_order,The attributive adjective 'native' must precede the noun it modifies in this context; placing it after 'plants' produces an ungrammatical sequence before the infinitive of purpose.,change 'plants native' to 'native plants',False,main_verb,main verb of the sentence; correctly formed.,False,verb_phrase,verb of the reduced relative clause; correctly agrees with 'medicines'.,True,noun_phrase,"each word is individually correct, so only checking their order against normal adjective placement reveals the reversal.",False,noun_phrase,appositive describing 'ague'; correctly formed.,middle,local,history/medicine,3,3,3,3,False,
Practice Test B,39,Written Expression,PARALLEL_STRUCTURE,"parallel adjectives in a coordinate list (slender, not slenderness)","participial phrase 'being long, slender, wingless, and brownish'",17,1,C,C,adjective,incorrect_part_of_speech,"The word sits in a four-item coordinate list of adjectives describing the insects ('long, ___, wingless, and brownish'); the noun form breaks the required parallel adjective pattern.",change 'slenderness' to 'slender',False,subject,subject of the sentence; correctly formed.,False,verb_phrase,introduces the participial phrase; correctly formed.,True,adjective,"looks like a normal descriptive word, but its noun form breaks parallelism with the surrounding adjectives.",False,adjective,final item in the coordinate list; correctly an adjective.,late,clause_level,entomology/zoology,2,3,2,2,False,
Practice Test B,40,Written Expression,WORD_CLASS_FORM,"adverb required to modify the main verb 'add' (intentionally, not adjective intentional)",restrictive relative clause 'that food manufacturers...add',14,2,C,C,adjective,incorrect_part_of_speech,"The word modifies the verb 'add', which requires an adverb, but the adjective form is used instead.",change 'intentional' to 'intentionally',False,noun_phrase,subject complement noun; correctly formed.,False,quantifier,determiner introducing the relative clause's antecedent; correctly used.,True,adverb,"immediately precedes the verb it modifies and looks like a natural descriptive word, but is in adjective rather than adverb form.",False,noun_phrase,object of 'to'; correctly formed.,late,local,food science/chemistry,1,1,1,1,False,
Practice Test C,16,Written Expression,PARALLEL_STRUCTURE,"parallel adjectives in coordinate list modifying a noun (straight, ___, and hollow)",adjective vs adverb confusion;relative clause modifying stem,16,2,B,B,adjective,incorrect_part_of_speech,"The word sits in a three-item coordinate list of adjectives modifying 'stem' ('straight, ___, and hollow'); the adverb form breaks the required parallel adjective pattern.",change 'smoothly' to 'smooth',False,subject,"head noun of the subject phrase; a test-taker might check it for number agreement with the verb, but it is correctly singular.",True,adjective,"looks like a normal adverb formed with -ly, but the surrounding coordinate list requires an adjective, not an adverb.",False,relative_pronoun,"introduces a restrictive relative clause; a test-taker might question whether 'that' is the right relative marker, but it is correct for a thing antecedent.",False,adjective,"part of another coordinate adjective pair ('white, milky'); could be checked for parallel form but is correctly an adjective.",middle,local,botany,2,3,2,2,False,
Practice Test C,17,Written Expression,REFERENCE_AND_DETERMINERS,quantifier agreement with countable plural noun (much vs many),relative clause with countable subject,28,2,A,A,quantifier,agreement_error,"'much' is a quantifier for uncountable nouns, but 'factors' is a countable plural noun, so 'many' is required.",change 'much' to 'many',True,quantifier,"quantifiers are frequently tested, but a test-taker must know the countable/uncountable distinction to catch this specific mismatch.",False,main_verb,"past-tense verb in the relative clause; could be checked for tense consistency with the main clause, but it is correct.",False,noun_phrase,"object of a preposition; a test-taker might wonder about article use, but it is fine.",False,subject,"subject of the main clause; could be checked for agreement with 'was', which is correct since 'one' is singular.",sentence_initial,local,tourism history,3,2,2,2,False,
Practice Test C,18,Written Expression,CLAUSE_STRUCTURE,double subject / resumptive pronoun duplicating an already-stated subject,passive construction with infinitive complement,19,1,B,B,pronoun,double_subject,"'Alberta' already functions as the subject, so the resumptive pronoun 'it' creates a redundant second subject; the clause needs a single subject-verb sequence.",delete 'it' (change 'Alberta it is believed' to 'Alberta is believed'),False,noun_phrase,"part of the long subject noun phrase naming the province; could be checked for article use, but it is correct.",True,pronoun,"resembles the common 'it is believed that' construction, making it look acceptable, but here it duplicates the existing subject 'Alberta'.",False,infinitive_marker,"infinitive complement after 'believed'; a test-taker might question the form, but it is correct.",False,noun_phrase,"superlative noun phrase; could be checked for adjective order, but it is correctly formed.",early,sentence_level,geology/natural resources,2,3,3,3,False,
Practice Test C,19,Written Expression,NONFINITE_VERB_PHRASES,finite verb incorrectly used where a participial phrase is required after a comma,comma splice;subject-verb agreement mismatch (poems...uses),14,1,C,C,verb_phrase,wrong_verb_form,"After the comma, a participial phrase describing the poems is needed ('using elaborate rhyme...'); a second finite verb creates a comma splice and also fails to agree with the plural subject 'poems'.",change 'uses' to 'using',False,auxiliary,links subject to two predicate adjectives; agreement with plural 'poems' is correct.,False,predicate_adjective,one of the coordinate predicate adjectives; correctly parallel with 'carefully constructed'.,True,main_verb,"reads like a normal present-tense verb, so it looks acceptable in isolation, but it wrongly restarts the sentence as a second finite clause.",False,adjective,"modifies 'rhyme'; correctly an adjective, though a test-taker might scan it as part of the suspicious final clause.",late,cross_clause,literature/poetry,2,3,3,3,False,
Practice Test C,20,Written Expression,REFERENCE_AND_DETERMINERS,comparative exclusion phrase 'any other' vs. 'another',,10,1,D,D,determiner,incorrect_part_of_speech,'another' means 'one additional' and cannot combine with 'any' in a comparative exclusion phrase; 'other' is required in 'any other state'.,change 'another' to 'other',False,main_verb,main verb of the sentence; correctly agrees with the singular subject 'California'.,False,noun_phrase,"prepositional phrase modifying 'land'; could be checked for preposition choice, but 'under irrigation' is standard.",False,conjunction,introduces the comparative phrase; correctly used with 'more'.,True,determiner,'another' sounds close in meaning to 'other' and is a common near-synonym error for learners.,sentence_final,local,geography/agriculture,1,3,3,2,False,
Practice Test C,21,Written Expression,VERB_COMPLEMENTATION,prepositional complementation of a noun ('paintings of' vs. 'onto'),,20,1,B,B,prepositional_phrase,wrong_preposition_collocation,'paintings' pairs with 'of' to indicate subject matter ('paintings of landscapes'); 'onto' implies physical motion and does not collocate with 'paintings' in this sense.,change 'onto' to 'of',False,adjective,part of a coordinate adjective pair modifying 'paintings'; correctly parallel with 'magnificent'.,True,preposition,"a plausible-sounding preposition of direction, but wrong for the noun-complement relationship between 'paintings' and 'landscapes'.",False,preposition,prepositional phrase modifying 'spirit'; correctly formed.,False,adjective,modifies 'century'; correctly placed and formed.,early,local,art history,2,3,3,2,False,
Practice Test C,22,Written Expression,REFERENCE_AND_DETERMINERS,possessive pronoun form before a noun (hers vs. her),,28,2,C,C,pronoun,incorrect_part_of_speech,'hers' is an absolute possessive pronoun that stands alone and cannot directly modify a following noun; the determiner form 'her' is required before 'poems'.,change 'hers' to 'her',False,noun_phrase,head of a superlative noun phrase in the appositive; correctly plural.,False,preposition,introduces the accompanying-circumstance phrase; correctly used.,True,pronoun,"looks like a normal possessive pronoun, but the absolute form cannot precede a noun the way a determiner can.",False,noun_phrase,object of a preposition in the relative clause; correctly formed.,middle,local,literature/poetry,3,2,2,2,False,
Practice Test C,23,Written Expression,REFERENCE_AND_DETERMINERS,"pronoun-antecedent number agreement (it vs. them, referring to a plural antecedent)",colon introducing supporting clause,24,3,D,D,pronoun,incorrect_reference,"The pronoun refers back to 'corals', a plural antecedent, so the plural pronoun 'them' is required rather than singular 'it'.",change 'it' to 'them',False,predicate_adjective,predicate adjective after 'is'; correctly formed.,False,adverb,intensifying adverb before 'fragile'; correctly used.,False,noun_phrase,subject of the final clause; correctly formed possessive-noun phrase.,True,pronoun,"immediately follows singular-looking 'hand', which could mislead a reader into thinking singular agreement is correct, when the true antecedent is the plural 'corals'.",sentence_final,sentence_level,marine biology/environmental science,3,2,3,2,False,
Practice Test C,24,Written Expression,NONFINITE_VERB_PHRASES,gerund required after a preposition ('for organizing'),,21,2,B,B,gerund_phrase,wrong_verb_form,"A preposition must be followed by a gerund (or noun), not a bare verb; 'for' requires 'organizing'.",change 'organize' to 'organizing',False,auxiliary,part of the passive-like adjectival phrase 'is well known'; correctly formed.,True,verb_phrase,"looks like a plain verb naming the action, but a gerund is required after the preceding preposition.",False,noun_modifier,compound noun modifying 'march'; correctly formed and hyphenation is not required.,False,verb_phrase,verb of the relative clause; correctly agrees with 'march'.,middle,local,history/civil rights,2,2,2,2,False,
Practice Test C,25,Written Expression,VERB_FORM_VOICE,modal auxiliary followed by a third-person singular verb form (should be base form),relative clause verb,17,2,C,C,verb_phrase,wrong_verb_form,"A modal auxiliary such as 'may' must be followed by the base form of the verb, not the third-person -s form.",change 'travels' to 'travel',False,noun_phrase,subject noun phrase of the main clause; correctly formed.,False,relative_pronoun,introduces the relative clause; correct choice for a thing antecedent ('waves').,True,main_verb,"looks like an ordinary present-tense verb agreeing with a singular noun nearby, obscuring that a modal directly precedes it and requires the base form.",False,noun_phrase,adverbial prepositional phrase of extent; correctly formed.,middle,local,physics/atmospheric science,2,2,2,1,False,
Practice Test C,26,Written Expression,VERB_FORM_VOICE,active voice used where passive voice is required (by-agent phrase indicates a patient subject),reduced appositive phrase;participial phrase 'returning from',22,1,B,B,verb_phrase,wrong_voice,"The following 'by Spaniards' agent phrase signals that 'manioc' is the entity acted upon, so the verb must be passive ('was introduced'), not active.",change 'was introducing' to 'was introduced',False,noun_modifier,past participle modifying 'plants' in the opening appositive; correctly passive in form.,True,main_verb,"active past progressive looks like a normal way to describe a historical process, masking the mismatch with the following by-agent phrase.",False,verb_phrase,participial phrase modifying 'Spaniards'; correctly active in form since Spaniards are doing the returning.,False,noun_phrase,object of 'from'; correctly formed proper noun phrase.,middle,clause_level,agricultural history,3,3,3,3,False,
Practice Test C,27,Written Expression,CONNECTORS_CONJUNCTIONS,preposition selection for a numeric range ('between X and Y' vs. 'beside'),,18,1,A,A,prepositional_phrase,wrong_preposition_collocation,'Beside' means 'next to' and cannot introduce a numeric range; 'Between' is required with the following 'X and Y' pattern.,change 'Beside' to 'Between',True,preposition,"sounds similar to 'between' and is phonetically close, making it an easy substitution to overlook.",False,adverb,intensifying adverb before 'all'; correctly used.,False,main_verb,main verb of the sentence; correctly agrees with the plural subject 'people'.,False,adjective,modifies 'series'; correctly formed and placed.,sentence_initial,local,human biology/development,2,2,2,2,False,
Practice Test C,28,Written Expression,REFERENCE_AND_DETERMINERS,countable noun plural required after a quantifying phrase ('a swarm of particles'),time clause with 'when';reduced passive participial phrase 'generated by',25,2,D,D,noun_phrase,agreement_error,"'a swarm of' quantifies a mass of discrete countable items, so the following noun must be plural ('particles'), not singular.",change 'particle' to 'particles',False,conjunction,introduces the time clause; correctly used to link the two events.,False,verb_phrase,main verb of the subordinate clause; correctly agrees with 'the Earth'.,False,quantifier,quantifying phrase preceding the noun in question; correctly formed on its own.,True,noun_phrase,"the singular form looks fine read on its own, but conflicts with the plural sense required by the preceding quantifying phrase 'a swarm of'.",late,local,astronomy/meteorology,3,3,3,2,False,
Practice Test C,29,Written Expression,NONFINITE_VERB_PHRASES,reduced participial phrase requiring a past participle (passive sense: 'all maintained in...'),passive voice;reduced from relative clause 'which are all maintained',21,1,C,C,participial_phrase,wrong_verb_form,"The phrase describes the plant and animal life as being kept in balance (a passive, non-finite modifier reduced from 'which are all maintained'), so the past participle is required rather than a finite active verb form.",change 'maintain' to 'maintained',False,verb_phrase,main verb of the sentence; correctly passive and agreeing with 'Ponds'.,False,noun_phrase,object of 'for'; correctly formed noun phrase.,True,verb_phrase,"reads like a plain present-tense verb agreeing with 'all', concealing that a non-finite passive participle is needed instead.",False,noun_phrase,object of the preposition 'in'; correctly formed.,late,clause_level,ecology,2,3,3,3,False,
Practice Test C,30,Written Expression,REFERENCE_AND_DETERMINERS,plural noun required after 'one of the' + superlative,,20,1,D,D,noun_phrase,agreement_error,"The construction 'one of the ten largest ___' requires a plural noun, since it selects one member from a plural set of items.",change 'industry' to 'industries',False,main_verb,main verb of the sentence; correctly agrees with singular 'cinema'.,False,noun_phrase,predicate nominative after 'became'; correctly formed.,False,adjective,superlative adjective phrase; correctly formed.,True,noun_phrase,"singular form looks natural on its own, but the preceding 'one of the ten largest' requires a plural set noun.",sentence_final,local,film history/economics,2,2,2,2,False,
Practice Test C,31,Written Expression,WORD_CLASS_FORM,"adverb required to modify the main verb (thoroughly, not the adjective thorough)",infinitive phrase of purpose 'To improvise effectively',15,1,B,B,adjective,incorrect_part_of_speech,"The word modifies the verb 'understand', which requires an adverb, but the adjective form is used instead.",change 'thorough' to 'thoroughly',False,verb_phrase,"infinitive phrase of purpose opening the sentence; correctly formed, paralleling the adverb 'effectively'.",True,adverb,"immediately precedes the verb it modifies and looks like a natural intensifier, but is in adjective rather than adverb form.",False,noun_phrase,object of the main verb; correctly formed.,False,adjective,participial adjective modifying 'musical style'; correctly formed.,middle,local,music,2,2,2,2,False,
Practice Test C,32,Written Expression,VERB_COMPLEMENTATION,predicate adjective required after linking verb 'be' (noun 'abundance' used instead of adjective 'abundant'),participial phrase 'providing herbivores...',18,1,A,A,adjective,incorrect_part_of_speech,"After the linking verb 'was', a predicate adjective describing 'plant life' is required, but the noun form is used instead.",change 'abundance' to 'abundant',True,predicate_adjective,"immediately follows the linking verb in the expected predicate-complement slot, but is a noun rather than the required adjective.",False,adverb,adverbial phrase modifying 'herbivores'; correctly used.,False,preposition,introduces the accompanying noun phrase; correctly used.,False,noun_phrase,object of 'supply of'; correctly formed.,middle,local,paleontology/botany,2,2,2,1,False,
Practice Test C,33,Written Expression,NONFINITE_VERB_PHRASES,infinitive of purpose required instead of preposition + finite verb,relative clause 'which has...',19,2,D,D,infinitive_phrase,wrong_verb_form,"The purpose of the high sugar content is expressed with an infinitive ('to yield sugar and syrup'), not a preposition followed by a finite verb.",change 'for yields' to 'to yield',False,verb_phrase,main verb of the sentence; correctly passive and agreeing with 'trees'.,False,noun_phrase,object of 'for'; correctly formed possessive-noun phrase.,False,relative_pronoun,introduces the relative clause; correctly refers to 'sap' with agreeing singular verb 'has'.,True,verb_phrase,"looks like a normal plural-noun-agreeing verb, but the preceding preposition makes a finite verb here ungrammatical; an infinitive of purpose is needed.",sentence_final,local,botany/agriculture,2,3,3,3,False,
Practice Test C,34,Written Expression,NONFINITE_VERB_PHRASES,participial phrase of inclusion ('including') vs. finite past-tense verb,subordinate clause with 'Long before',20,2,D,D,participial_phrase,wrong_verb_form,"The examples following 'tasks' should be introduced by the participial phrase 'including', not a finite past-tense verb, since there is no coordinating conjunction linking a new independent clause.",change 'included' to 'including',False,conjunction,introduces the subordinate time clause; correctly used.,False,main_verb,verb of the subordinate clause; correctly agrees with 'boats'.,False,noun_phrase,prepositional phrase modifying 'valuable'; correctly formed.,True,verb_phrase,"reads like a natural past-tense verb continuing the narrative, masking that it should be a non-finite participle introducing examples.",sentence_final,clause_level,history/recreation,2,2,2,2,False,
Practice Test C,35,Written Expression,PARALLEL_STRUCTURE,parallel structure with correlative 'or': preposition placement must match the other coordinate element ('material from' not 'from material'),reduced relative clause 'shattered long ago',18,1,D,D,prepositional_phrase,wrong_word_order,The two elements coordinated by 'or' should be structurally parallel ('fragments of a planet' ... 'material from the nuclei'); reversing the noun and preposition breaks that parallel pattern.,change 'from material' to 'material from',False,auxiliary,modal + linking verb combination; correctly formed.,False,noun_phrase,first coordinate noun phrase after 'be'; correctly formed as the parallel model the second element should match.,False,verb_phrase,reduced past-participle clause modifying 'planet'; correctly formed.,True,noun_phrase,"each individual word is grammatical, so only comparing it against the parallel first coordinate element reveals the reversed word order.",late,clause_level,astronomy,3,4,4,4,False,
Practice Test C,36,Written Expression,RELATIVE_CLAUSES,relative pronoun choice (who vs. which) for a human antecedent,embedded question as object of 'occupy',22,3,D,D,relative_marker,incorrect_relative_marker,"The relative clause modifies 'the Big-Game Hunters', a group of people, so the relative pronoun 'who' is required instead of 'which', which is used for things.",change 'which' to 'who',False,verb_phrase,infinitive phrase modifying 'Native Americans'; correctly formed.,False,noun_phrase,embedded question functioning as the object of 'occupy'; correct non-inverted word order.,False,main_verb,main verb of the sentence; correctly agrees with plural 'Native Americans'.,True,relative_pronoun,"immediately follows a plural noun phrase, which could distract from the fact that the antecedent denotes people rather than things.",sentence_final,sentence_level,anthropology/archaeology,4,2,2,2,False,
Practice Test C,37,Written Expression,COMPARATIVES_DEGREE,degree word + result clause: 'so...that' required instead of 'very...that',appositive phrase 'buildings used to hold large aircraft';relative clause 'that form along...',22,3,B,B,comparative_marker,wrong_degree_form,"A result clause introduced by 'that' must be paired with the degree word 'so', not the plain intensifier 'very'; 'very' cannot correlate with a following 'that'-clause of result.",change 'very' to 'so',False,subject,"subject of the main clause; correctly formed, with the appositive correctly describing hangars.",True,adverb,"a common, ordinary-sounding intensifier before an adjective, which conceals that it fails to license the following 'that'-clause of result.",False,verb_phrase,verb of the result clause; correctly agrees with 'rain'.,False,verb_phrase,verb of the final relative clause; correctly agrees with 'clouds'.,middle,cross_clause,engineering/architecture,4,3,3,3,False,
Practice Test C,38,Written Expression,PARALLEL_STRUCTURE,parallel prepositional phrases in a three-part list (up.../over.../and down...); an adverb breaks the required preposition pattern,subordinate clause with 'as',25,2,B,B,prepositional_phrase,incorrect_part_of_speech,"The sentence lists three parallel path phrases ('___ one side..., over the top, and down the other side'); 'over' and 'down' are prepositions taking objects, so the first item needs the preposition 'up', not the adverb 'upward', which cannot take a direct object.",change 'upward' to 'up',False,noun_phrase,predicate phrase after 'are always'; correctly formed.,True,preposition,"means essentially the same as 'up' and looks like ordinary word choice, but only comparing it with the parallel 'over' and 'down' reveals it cannot take a direct object the way a preposition can.",False,noun_phrase,second item in the coordinate list; correctly formed as a prepositional phrase.,False,noun_phrase,third item in the coordinate list; correctly formed as a prepositional phrase.,middle,cross_clause,geology/earth science,3,4,3,4,False,
Practice Test C,39,Written Expression,WORD_ORDER_MODIFICATION,fronted absolute/prepositional phrase missing its preposition (needs 'With farms of...' as the introductory phrase),relative clause 'that inhabited...',23,2,A,A,noun_phrase,missing_required_element,A bare noun phrase cannot logically stand as the sentence opener describing the Wendat; a preposition such as 'With' is needed to form a proper introductory phrase.,add 'With' before 'Farms of',True,noun_phrase,"reads smoothly as a simple opening noun phrase, but without a preposition it cannot logically connect to the rest of the sentence describing the Wendat.",False,main_verb,verb of the relative clause; correctly agrees with 'tribes'.,False,verb_phrase,main verb of the sentence; correctly agrees with 'the Wendat'.,False,noun_phrase,object of 'in densely populated'; correctly formed.,sentence_initial,sentence_level,anthropology/history,3,4,3,4,False,
Practice Test C,40,Written Expression,VERB_FORM_VOICE,present perfect tense requires a past participle after 'have' (apply vs. applied),infinitive phrase of purpose 'to investigate...',18,1,A,A,verb_phrase,wrong_verb_form,"The present perfect tense requires a past participle after the auxiliary 'have', but the bare base form is used instead.",change 'apply' to 'applied',True,main_verb,"looks like a normal present-tense verb form, obscuring that the preceding auxiliary 'have' requires a past participle.",False,noun_phrase,"coordinate noun phrase, object of 'of'; correctly formed.",False,verb_phrase,infinitive phrase of purpose; correctly formed.,False,noun_phrase,"object of 'of', modifying 'structure'; correctly formed.",sentence_initial,local,science/biochemistry,1,1,1,1,False,
Practice Test D,16,Written Expression,WORD_CLASS_FORM,"noun required as object of a preposition, but a bare verb form is used instead (listen vs. listener)",compound sentence with coordinating 'and';possessive subject 'speaker's',26,2,D,D,noun_phrase,incorrect_part_of_speech,"The word sits in the determined noun-phrase slot 'the ___' as the object of 'of', which requires a noun; the bare verb form is used instead of its derived noun form.",change 'listen' to 'listener',False,preposition,"opens the sentence and could be checked as a connector choice, but is correctly used to introduce the source of the claim.",False,adjective,modifies 'studies'; correctly formed adjective.,False,main_verb,main verb of the first clause; correctly agrees with singular 'body language'.,True,noun_phrase,"looks like an ordinary verb naming an action related to the sentence's topic, obscuring that the determiner 'the' immediately before it requires a noun.",sentence_final,local,psychology/communication,2,2,2,2,False,
Practice Test D,17,Written Expression,WORD_CLASS_FORM,"attributive adjective required before a noun, but the adverb form is used instead ('well' vs. 'good' sense)","coordinate adjective pair 'hardy, alert'",13,1,C,C,adjective,incorrect_part_of_speech,"The word directly precedes the noun 'sense' inside a noun phrase, which requires an attributive adjective ('good'), but the adverb form 'well' is used instead.",change 'well' to 'good',False,main_verb,main verb of the sentence; correctly agrees with singular 'dachshund'.,False,adjective,"part of the coordinate adjective pair 'hardy, alert' describing 'dog'; correctly formed.",True,adjective,"'well' is a common word that functions as an adverb (and occasionally a health-related adjective), so it looks acceptable in isolation even though it cannot attributively modify 'sense' here.",False,noun_phrase,"object of 'of', completing the idiom 'sense of smell'; correctly formed.",late,local,zoology/pets,1,2,2,2,False,
Practice Test D,18,Written Expression,NONFINITE_VERB_PHRASES,reduced relative clause requiring a past participle instead of a bare verb form ('objects known'),appositive phrase 'faint celestial objects resembling stars',13,1,D,D,participial_phrase,wrong_verb_form,"The word modifies 'objects' as a reduced relative clause ('objects that are known'), which requires the past participle 'known', but the bare verb form is used instead.",change 'know' to 'known',False,adjective,modifies 'celestial objects'; correctly formed.,False,noun_modifier,present participle in the appositive phrase 'resembling stars'; correctly active since quasars do the resembling.,False,adverb,modifies the superlative 'most distant'; correctly used.,True,noun_modifier,"reads like a plain present-tense verb, which could pass unnoticed at the very end of the sentence, but a passive participle is required to modify 'objects'.",sentence_final,clause_level,astronomy,2,2,3,2,False,
Practice Test D,19,Written Expression,VERB_COMPLEMENTATION,preposition selection in the fixed idiom 'varies from X to Y' (to vs. from),long prepositional-phrase subject 'The importance of...coordination',21,1,D,D,prepositional_phrase,wrong_preposition_collocation,"The verb 'varies' requires the fixed collocation 'varies from X to Y', but 'to' is used in place of 'from' before the first 'species'.",change 'to species' to 'from species',False,subject,"head of the long subject noun phrase; could be checked for agreement with 'varies', but it is correctly singular.",False,conjunction,coordinates 'sensory input' and 'motor response'; correctly used.,False,main_verb,"main verb of the sentence, separated from its subject by a long modifying phrase, inviting an agreement check; it is correctly singular.",True,preposition,"a common preposition that looks unremarkable on its own, but the following repeated 'to species' reveals it cannot form the required 'from...to' range idiom.",sentence_final,clause_level,biology/physiology,3,3,3,3,False,
Practice Test D,20,Written Expression,PARALLEL_STRUCTURE,"parallel past participles in a list after 'can be' (observed, described, and identified)",semicolon joining two independent clauses,19,2,B,B,verb_phrase,wrong_verb_form,"The word is the third item in a coordinate list of past participles following 'can be' ('observed, described, and ___'); the bare verb form breaks the required parallel participle pattern.",change 'identify' to 'identified',False,verb_phrase,first item of the coordinate participle list; correctly formed and sets the parallel pattern.,True,verb_phrase,"reads like a normal present-tense verb naming an action, obscuring that the surrounding coordinate list requires a past participle.",False,verb_phrase,part of the second clause's coordinate participle pair 'elicited and manipulated'; correctly formed.,False,adjective,modifies 'conditions'; correctly formed.,middle,clause_level,psychology/facial expression,3,3,3,3,False,
Practice Test D,21,Written Expression,VERB_FORM_VOICE,missing auxiliary 'is' breaking parallelism with the passive verb of the first clause (is noted...and is respected),parallel structure across coordinated clauses;passive voice,21,2,C,C,verb_phrase,missing_required_element,"The second clause is coordinated with 'John Cage is noted for...' and should parallel it with 'he is respected for...'; the auxiliary 'is' is missing, leaving only the bare past-tense-looking form.",change 'he respected' to 'he is respected',False,noun_phrase,appositive describing 'John Cage'; correctly formed.,False,adjective,modifies 'ideas'; correctly formed.,True,verb_phrase,"resembles an ordinary active past-tense verb, masking that the sentence's logic (Cage being admired, not admiring) and the parallel structure both require a passive 'is respected'.",False,noun_phrase,second coordinate object of 'for'; correctly formed and parallel with 'compositions'.,late,cross_clause,biography/music,3,3,3,3,False,
Practice Test D,22,Written Expression,WORD_CLASS_FORM,"attributive adjective required before a noun, but the abstract noun form is used instead ('complexity' vs. 'complex' process)","parallel gerund list 'cleaning, blending, and roasting';relative clause 'which must be ground and mixed'",22,2,A,A,adjective,incorrect_part_of_speech,"The word directly precedes the noun 'process' inside a noun phrase, which requires the attributive adjective 'complex', but the noun form 'complexity' is used instead.",change 'complexity' to 'complex',True,adjective,"a familiar word related to 'complex', which could pass as acceptable at a glance, but it is a noun occupying an adjective slot.",False,gerund,"second item in the parallel gerund list 'cleaning, blending, and roasting'; correctly formed.",False,auxiliary,modal + linking verb before the passive participles; correctly formed.,False,verb_phrase,second passive participle parallel with 'ground'; correctly formed.,early,local,food science,2,2,2,2,False,
Practice Test D,23,Written Expression,CLAUSE_STRUCTURE,subject-verb agreement across an intervening prepositional phrase (points...registers),"coordinate noun list 'cold, heat, pain, or touch'",14,1,C,C,verb_phrase,agreement_error,"The plural subject 'points' requires the plural verb form 'register', but the singular form 'registers' is used instead.",change 'registers' to 'register',False,quantifier,modifies 'million points'; correctly formed.,False,preposition,introduces the intervening phrase 'on the human body'; correctly formed and placed.,True,main_verb,"the singular -s form looks like ordinary present-tense agreement, especially since 'body' (singular) sits just before it, even though the true subject 'points' is plural.",False,noun_phrase,final item in the coordinate list of sensations; correctly formed.,middle,clause_level,human biology/physiology,2,2,3,2,False,
Practice Test D,24,Written Expression,PARALLEL_STRUCTURE,parallel past-tense verbs in a three-part predicate list (sold...trusted...took),,19,1,C,C,verb_phrase,wrong_verb_form,The word is the second of three coordinate past-tense verbs sharing the subject 'store owners' ('sold...___...took'); the bare present-tense form breaks the required parallel past-tense pattern.,change 'trust' to 'trusted',False,noun_modifier,modifies 'owners' to form the compound subject; correctly formed.,False,noun_phrase,object of 'from'; correctly formed.,True,verb_phrase,"looks like an ordinary present-tense verb describing a habitual practice, obscuring that the surrounding narrative list requires the past-tense form.",False,adverb,modifies the final coordinate verb 'took'; correctly formed.,late,clause_level,history/commerce,2,3,3,2,False,
Practice Test D,25,Written Expression,WORD_CLASS_FORM,"adverb required to modify a comparative adjective phrase, but the adjective form is used instead ('typical' vs. 'typically' more concerned)",subordinate clause introduced by 'Although',20,2,B,B,adjective,incorrect_part_of_speech,"The word modifies the comparative phrase 'more concerned', which requires an adverb, but the adjective form is used instead.",change 'typical' to 'typically',False,conjunction,introduces the concessive subordinate clause; correctly used.,True,adverb,"sits right before the comparative phrase and looks like a plausible intensifier, but is in adjective rather than adverb form.",False,predicate_adjective,comparative predicate adjective after 'are'; correctly formed.,False,noun_phrase,object of the second 'with'; correctly formed.,late,local,literature/drama,2,2,2,2,False,
Practice Test D,26,Written Expression,WORD_CLASS_FORM,"adverb required to modify a passive participle, but the noun form is used instead ('rarity' vs. 'rarely' found)",reduced concessive clause 'While highly prized...',15,1,C,C,adverb,incorrect_part_of_speech,"The word modifies the passive verb 'found', which requires an adverb, but the noun form is used instead.",change 'rarity' to 'rarely',False,conjunction,introduces the reduced concessive clause; correctly used.,False,verb_phrase,reduced passive participial phrase ('[being] highly prized'); correctly formed.,True,adverb,"immediately precedes the verb it modifies and could be mistaken for a normal predicate noun after 'is', but the sentence needs an adverb modifying 'found', not a noun.",False,main_verb,main passive verb of the sentence; correctly formed.,sentence_final,clause_level,botany/folklore,2,2,2,2,False,
Practice Test D,27,Written Expression,CLAUSE_STRUCTURE,"subject-verb agreement inside a time clause (muscles begin, not begins)",tough-movement construction 'impossible to stop',18,2,C,C,verb_phrase,agreement_error,"The plural subject 'muscles' requires the plural verb form 'begin', but the singular -s form is used instead.",change 'begins' to 'begin',False,adjective,modifies 'reflex' in the opening appositive; correctly formed.,False,predicate_adjective,predicate adjective after 'is' in the tough-movement construction 'impossible to stop'; correctly formed.,True,main_verb,"the singular -s form looks like ordinary present-tense agreement, but the immediately preceding plural subject 'muscles' requires the base plural form.",False,noun_modifier,modifies 'action'; correctly formed.,sentence_final,clause_level,physiology,2,2,2,1,False,
Practice Test D,28,Written Expression,NONFINITE_VERB_PHRASES,"gerund required after 'known for' to take a direct object, but the noun form is used instead ('advocacy' vs. 'advocating')",reduced participial phrase 'Elected to serve...',24,1,C,C,gerund_phrase,wrong_verb_form,"The word is followed directly by the noun phrase 'the interests', which can only be a direct object of a verbal form; the noun 'advocacy' cannot take a direct object, so the gerund 'advocating' is required.",change 'advocacy' to 'advocating',False,verb_phrase,reduced infinitive phrase opening the sentence ('[having been] elected to serve'); correctly formed.,False,main_verb,main passive verb of the sentence; correctly formed.,True,gerund,"a familiar noun related to the verb 'advocate', which reads acceptably after 'known for' on its own, but cannot directly take the following noun phrase as an object.",False,noun_phrase,intended object of the verbal form; correctly formed on its own.,late,clause_level,biography/politics,3,3,3,3,False,
Practice Test D,29,Written Expression,RELATIVE_CLAUSES,relative pronoun choice (which vs. what) after a preposition with a stated antecedent,,23,2,B,B,relative_marker,incorrect_relative_marker,"The relative clause has an explicit antecedent, 'illusion', so the relative pronoun 'which' is required; 'what' is only used when there is no stated antecedent.",change 'in what' to 'in which',False,predicate_adjective,"predicate nominative after 'is', serving as the antecedent of the relative clause; correctly formed.",True,relative_pronoun,"'what' commonly introduces a noun clause, making it look acceptable, but here it wrongly follows a preposition after a noun antecedent that already requires 'which'.",False,conjunction,coordinates the two possible perceived images; correctly used.,False,noun_phrase,object of 'of'; correctly formed.,early,clause_level,earth science/optics,2,2,2,2,False,
Practice Test D,30,Written Expression,VERB_FORM_VOICE,"passive voice required in a relative clause, but the auxiliary 'is' is missing before the past participle",non-restrictive relative clause;participial phrase 'varying in color',21,2,A,A,verb_phrase,missing_required_element,"Turquoise is the entity that is found, not the one doing the finding, so the relative clause verb must be passive ('which is found'); the auxiliary 'is' is missing.",change 'which found' to 'which is found',True,verb_phrase,"reads like a plain active past-tense verb, which could pass as acceptable in isolation, but the logical relationship between turquoise and the act of finding requires the passive.",False,main_verb,main verb of the sentence; correctly formed.,False,verb_phrase,present participial phrase describing the variation in color; correctly formed.,False,preposition,part of the 'from...to' range construction; correctly used.,sentence_initial,clause_level,geology/mineralogy,3,3,3,3,False,
Practice Test D,31,Written Expression,VERB_COMPLEMENTATION,preposition selection after a past participle ('given to' vs. 'given into'),relative clause 'from which humans are believed to have evolved',19,2,B,B,prepositional_phrase,wrong_preposition_collocation,'given' collocates with 'to' when introducing a name assigned to something ('the name given to X'); 'into' implies physical entry and does not fit this sense.,change 'into' to 'to',False,verb_phrase,reduced passive participial phrase modifying 'name'; correctly formed.,True,preposition,"a plausible-sounding preposition of direction, but wrong for the fixed collocation between 'given' and its recipient.",False,relative_pronoun,introduces the relative clause referring to 'the primate species'; correctly formed.,False,verb_phrase,passive verb phrase of the relative clause; correctly agrees with 'humans'.,middle,local,anthropology/paleontology,2,3,3,2,False,
Practice Test D,32,Written Expression,REFERENCE_AND_DETERMINERS,"quantifier agreement with an uncountable noun (much fabric, not fabrics)",elliptical comparative clause 'as it once took workers weeks to produce',23,2,A,A,noun_phrase,agreement_error,"'much' is a quantifier for uncountable nouns, but the plural countable form 'fabrics' is used; the uncountable singular 'fabric' is required.",change 'fabrics' to 'fabric',True,noun_phrase,"the plural form looks like ordinary countable-noun usage, but conflicts with the preceding uncountable quantifier 'much'.",False,noun_phrase,adverbial phrase of time; correctly formed.,False,subject,subject of the embedded comparative clause; correctly formed.,False,verb_phrase,infinitive complement of 'took...weeks'; correctly formed.,early,local,textile industry/technology,2,2,2,2,False,
Practice Test D,33,Written Expression,VERB_COMPLEMENTATION,prepositional complementation of the verb 'lived' missing its required preposition ('lived in large...structures'),reduced participial phrase 'clustered in towns',17,1,C,C,noun_phrase,missing_required_element,"The verb 'lived' requires the preposition 'in' before the following location noun phrase; without it, a noun phrase directly follows an intransitive verb with no licensing preposition.",add 'in' before 'large multilevel structures',False,noun_phrase,appositive describing 'The Hopi'; correctly formed.,False,verb_phrase,main verb of the sentence; correctly formed on its own.,True,noun_phrase,"reads smoothly as an ordinary noun phrase describing dwellings, masking that the preceding intransitive verb 'lived' cannot connect to it without a preposition.",False,noun_phrase,object of 'in' in the closing participial phrase; correctly formed.,late,clause_level,anthropology,3,4,3,4,False,
Practice Test D,34,Written Expression,REFERENCE_AND_DETERMINERS,adjective selection for a future time reference ('near' vs. 'next' 50 years),future perfect passive 'will have been contacted',26,2,D,D,adjective,incorrect_part_of_speech,"The phrase describing an upcoming span of time requires 'next', which specifies the immediately following period; 'near' describes physical or temporal proximity but does not combine with a following number of years in this way.",change 'near' to 'next',False,main_verb,present progressive verb of the first clause; correctly formed.,False,noun_phrase,object of 'rate of'; correctly formed.,False,preposition,introduces the time-frame phrase; correctly used.,True,adjective,"a common word for temporal proximity that looks acceptable before a time expression, but it cannot license the following '50 years' the way the ordinal-like 'next' can.",sentence_final,local,astronomy/space exploration,2,3,3,3,True,"The error is a lexical adjective substitution ('near' vs 'next') for a future time expression, not a determiner, quantifier, or pronoun-reference issue in the traditional sense; REFERENCE_AND_DETERMINERS is used as the closest fit since 'next' functions like an ordinal determiner."
Practice Test D,35,Written Expression,PARALLEL_STRUCTURE,"parallel nouns in a coordinate pair, but a bare verb/noun root is used instead of the matching gerund-noun form (production and marketing)",introductory prepositional phrase 'Since their appearance...',24,1,D,D,noun_phrase,incorrect_part_of_speech,"The word is coordinated with 'production' in the phrase 'patterns of production and ___'; the parallel slot requires the derived noun 'marketing', but the base form 'market' is used instead.",change 'market' to 'marketing',False,pronoun,possessive pronoun referring back to 'trucks'; correctly formed.,False,noun_phrase,object of 'on'; correctly formed.,False,main_verb,main verb of the sentence; correctly formed.,True,noun_phrase,"a plausible noun on its own, but only comparing it with the parallel first coordinate element 'production' reveals it lacks the matching derived-noun form.",sentence_final,clause_level,agricultural history/economics,3,3,3,3,False,
Practice Test D,36,Written Expression,REFERENCE_AND_DETERMINERS,noun number must match a later plural pronoun reference within the same clause (object/objects...their),time clause introduced by 'when',26,2,B,B,noun_phrase,agreement_error,"The clause later refers back to these items with the plural pronoun 'their' ('for their beauty...their historical importance'), so the subject noun must be plural 'objects', not singular 'object'.",change 'object' to 'objects',False,main_verb,main verb of the sentence; correctly formed.,True,noun_phrase,"the singular form looks acceptable read on its own as subject of 'began', but conflicts with the plural pronoun 'their' used to refer back to it later in the same clause.",False,main_verb,verb of the subordinate clause; correctly formed regardless of the subject's number.,False,verb_phrase,passive infinitive complement of 'began to be'; correctly formed.,middle,clause_level,history/collecting,3,2,3,3,False,
Practice Test D,37,Written Expression,VERB_COMPLEMENTATION,preposition selection after 'known' (known for vs. known as),relative clause 'in which single blossoms are presented...',23,2,A,A,prepositional_phrase,wrong_preposition_collocation,"'known as' identifies something by name or role, but here the sentence explains the reason for O'Keeffe's fame, which requires the collocation 'known for'.",change 'as' to 'for',True,preposition,"a common preposition that pairs naturally with 'known' in other contexts (identity or role), making the substitution easy to overlook even though the reason-for-fame sense requires 'for'.",False,relative_pronoun,introduces the relative clause modifying 'flowers'; correctly formed.,False,subject,subject of the relative clause; correctly formed.,False,main_verb,passive main verb of the relative clause; correctly formed.,early,local,art history,2,2,2,2,False,
Practice Test D,38,Written Expression,CONNECTORS_CONJUNCTIONS,preposition used where a subordinating conjunction is required before a full clause (Despite vs. Although),,28,2,A,A,conjunction,incorrect_subordinator,"The word introduces a full clause with a subject and finite verb ('television is the dominant...medium'), which requires the subordinating conjunction 'Although'; the preposition 'Despite' can only be followed by a noun phrase, not a clause.",change 'Despite' to 'Although',True,conjunction,"expresses the right concessive meaning and is common before noun phrases, but it cannot grammatically introduce the full clause that follows it here.",False,noun_modifier,modifies 'radio show'; correctly formed.,False,main_verb,main passive verb of the second clause; correctly formed.,False,quantifier,quantifying subject of the passive verb 'is heard'; correctly formed.,sentence_initial,clause_level,media/entertainment,2,2,2,1,False,
Practice Test D,39,Written Expression,RELATIVE_CLAUSES,relative clause missing its required pied-piped preposition ('the work for which...is known'),non-restrictive relative clause 'which is inscribed on the pedestal...',25,3,A,A,relative_marker,missing_required_element,"The verb phrase 'is best known' requires the preposition 'for' (known for something); when the relativized element is fronted, that preposition must move with the relative pronoun ('for which'), but it is missing.",change 'which' to 'for which',True,relative_pronoun,"a correct relative pronoun choice for the antecedent 'work', which makes the omission of its required preposition easy to miss.",False,verb_phrase,passive verb phrase of the relative clause; correctly formed on its own.,False,main_verb,"passive main verb of the second, non-restrictive relative clause; correctly formed.",False,noun_phrase,"object of 'of', completing the location phrase; correctly formed.",sentence_initial,clause_level,literature/history,4,4,4,4,False,
Practice Test D,40,Written Expression,WORD_CLASS_FORM,"attributive adjective required before a noun, but the adverb form is used instead ('locally' vs. 'local' tastes)",compound predicate 'were adapted...and...resulted',16,2,B,B,adjective,incorrect_part_of_speech,"The word directly precedes the noun 'tastes' inside a noun phrase, which requires the attributive adjective 'local', but the adverb form 'locally' is used instead.",change 'locally' to 'local',False,preposition,opens the introductory phrase 'In the New England colonies'; correctly used.,True,adjective,"closely related in form to the needed adjective and often interchangeable with it in other positions, but it cannot attributively modify the following noun 'tastes'.",False,conjunction,coordinates the two clauses of the compound sentence; correctly used.,False,main_verb,main verb of the second clause; correctly formed.,late,local,furniture history,1,2,2,1,False,
Practice Test E,16,Written Expression,REFERENCE_AND_DETERMINERS,indefinite article form before a vowel-sound adjective (a vs. an),reduced relative clause 'held in New York',17,1,B,B,determiner,agreement_error,"The article must agree phonologically with the sound that follows it; 'important' begins with a vowel sound, so the article must be 'an', not 'a'.",change 'a' to 'an',False,noun_modifier,"past-participle phrase modifying 'Show'; a test-taker might check its tense/form, but it is a correctly reduced relative clause.",True,determiner,"looks like the ordinary indefinite article, but the following vowel-initial adjective requires the 'an' form instead.",False,noun_phrase,predicate nominative after 'was'; correctly formed and agrees with the singular subject.,False,adjective,modifies 'European art'; correctly placed and formed.,late,local,art history,1,1,1,1,False,
Practice Test E,17,Written Expression,RELATIVE_CLAUSES,relative pronoun choice (who vs. that/which) for a non-human antecedent,purpose/result clause with 'so that',22,3,C,C,relative_marker,incorrect_relative_marker,"The relative clause modifies 'place', a non-human antecedent, so 'that' or 'which' is required instead of the human relative pronoun 'who'.",change 'who' to 'that',False,adjective,modifies the subject 'fruit'; correctly formed.,False,verb_phrase,passive main verb; correctly agrees with the singular subject.,True,relative_pronoun,"immediately follows a noun and reads like a normal relative clause opener, but 'who' is reserved for people, not places.",False,adverb,modifies 'decay'; correctly formed and placed.,middle,sentence_level,food science/biology,3,2,2,2,False,
Practice Test E,18,Written Expression,WORD_CLASS_FORM,prepositional idiom requiring a noun complement ('years of age') rather than an adjective ('of old'),participial phrase 'requiring...';infinitive of purpose 'to attend',19,1,D,D,prepositional_phrase,incorrect_part_of_speech,"The preposition 'of' in this age expression must be followed by the noun 'age', not the adjective 'old'; 'years of old' is not a standard English phrase.",change 'old' to 'age',False,noun_modifier,participial phrase modifying 'law'; correctly formed non-finite verb.,False,noun_phrase,"part of the numeric range 'four to eighteen'; could be checked for parallel preposition use, but it is correct.",False,noun_phrase,the endpoint of the numeric range; correctly formed.,True,noun_phrase,"sounds like a familiar age expression, but pairs an adjective with 'of' where a noun is required.",late,local,history/education,2,2,2,2,False,
Practice Test E,19,Written Expression,REFERENCE_AND_DETERMINERS,reciprocal pronoun phrase 'each other' vs. the incorrect 'each another',infinitive phrase 'to show',21,1,D,D,pronoun,incorrect_part_of_speech,'Another' means 'one additional' and cannot combine with 'each' in the reciprocal expression; the reciprocal pronoun form 'other' is required.,change 'another' to 'other',False,gerund,gerund object of 'purpose of'; correctly formed.,False,main_verb,linking verb of the main clause; correctly agrees with the singular subject.,False,adjective,modifies 'species'; correctly formed.,True,pronoun,resembles the near-synonym 'other' closely enough that a reader might not notice it cannot follow 'each' in this reciprocal expression.,sentence_final,local,biology/taxonomy,2,2,2,2,False,
Practice Test E,20,Written Expression,CONNECTORS_CONJUNCTIONS,coordinating conjunction selection in a 'not X but Y' contrast pairing (and vs. but),appositive phrase 'a United States naval commander',16,1,C,C,conjunction,incorrect_subordinator,"The negated first element 'not in war' sets up a contrast pairing that requires 'but', not the additive conjunction 'and', to introduce the second element.",change 'and' to 'but',False,adjective,modifies 'commander' inside the appositive; correctly formed.,False,main_verb,main verb of the sentence; correctly agrees with the singular subject.,True,conjunction,"an ordinary coordinator that looks fine joining two phrases, but it fails to form the required contrast pairing with the preceding 'not'.",False,noun_phrase,object of 'through'; correctly formed.,sentence_final,clause_level,history/biography,3,3,3,3,True,"The error is a coordinating-conjunction substitution ('and' for 'but') within a 'not...but' contrast pair; the 15-value tested_error_type vocabulary (including wrong_preposition_collocation and wrong_degree_form, added 2026-08-23) still has no dedicated value for coordinator substitution, so 'incorrect_subordinator' is used as the closest fit."
Practice Test E,21,Written Expression,VERB_COMPLEMENTATION,prepositional complementation of a passive verb (found in/at vs. found to),superlative construction 'One of the most impressive',23,1,D,D,prepositional_phrase,wrong_preposition_collocation,"'Found' in the sense of physical location must be followed by 'in' or 'at', not 'to', which implies direction rather than location.",change 'to' to 'in',False,noun_phrase,head noun of the subject phrase; correctly singular after 'One of the'.,False,noun_phrase,"object of 'of', naming what the collections consist of; correctly formed.",False,auxiliary,modal auxiliary in the passive verb phrase; correctly formed.,True,preposition,"a common preposition that sounds natural before a place name, but it does not collocate with 'found' in a locative sense.",late,local,art history,2,3,3,2,False,
Practice Test E,22,Written Expression,CLAUSE_STRUCTURE,subject-verb agreement across an intervening prepositional phrase (plural subject vs. singular verb),fraction/quantifier subject 'Three of every four',17,1,C,C,verb_phrase,agreement_error,"The plural head noun 'birds' controls verb agreement despite the intervening phrase, so the plural verb 'visit' is required, not the singular 'visits'.",change 'visits' to 'visit',False,noun_modifier,participial adjective modifying 'birds'; correctly formed.,False,subject,"plural head noun of the subject phrase; correctly formed, though its distance from the verb invites an agreement error.",True,main_verb,the nearby singular-looking phrase 'every four' can mislead a reader into using the singular verb form instead of agreeing with the true plural subject 'birds'.,False,noun_modifier,compound modifier of 'wetlands'; correctly formed.,late,clause_level,ornithology/zoology,3,2,2,2,False,
Practice Test E,23,Written Expression,RELATIVE_CLAUSES,relative pronoun case (who vs. whose) before a possessed noun,compound proper noun 'Elk and Kanawha rivers',24,2,B,B,relative_marker,incorrect_relative_marker,The relative clause needs a possessive relative pronoun to show that 'son' belongs to Charles Clendenin; the plain subject form 'who' cannot directly precede a possessed noun.,change 'who' to 'whose',False,preposition,introduces the object naming who the city was named after; correctly used.,True,relative_pronoun,"looks like an ordinary relative pronoun referring back to the preceding person, but it cannot introduce a possessive relationship with the following noun.",False,main_verb,verb of the relative clause; correctly agrees with its subject.,False,noun_phrase,object of the preposition 'of'; correctly formed compound noun phrase.,early,clause_level,US history/geography,3,3,3,3,False,
Practice Test E,24,Written Expression,VERB_FORM_VOICE,"active voice used where passive voice is required (is now located, not locating)",relative/adverbial clause 'where it is now...',21,2,D,D,verb_phrase,wrong_voice,"The collection does not perform the action of locating; it is the entity being situated, so the passive form 'is now located' is required instead of the active 'is now locating'.",change 'locating' to 'located',False,main_verb,main verb of the sentence; correctly agrees with the subject.,False,adjective,modifies 'art collection'; correctly formed.,False,object,direct object of the main verb; correctly formed.,True,verb_phrase,"an ordinary present-progressive form that reads naturally, obscuring that the inanimate subject cannot actively 'locate' itself.",sentence_final,sentence_level,art history/philanthropy,3,3,3,3,False,
Practice Test E,25,Written Expression,WORD_ORDER_MODIFICATION,extraneous preposition between a number and a measurement noun ('90 of degrees' vs. '90 degrees'),passive perfect 'have been known',19,1,D,D,prepositional_phrase,extraneous_element,A number directly modifies a measurement unit ('90 degrees Celsius'); inserting 'of' between the number and the noun is ungrammatical.,delete 'of' (change '90 of degrees' to '90 degrees'),False,noun_modifier,compound-noun modifier in 'Soil temperatures'; correctly formed.,False,preposition,introduces the location phrase; correctly used.,False,verb_phrase,passive perfect main verb; correctly formed and agreeing with the subject.,True,noun_phrase,"reads smoothly at a glance since 'of' often links quantities to nouns, but it is not used between a bare number and a measurement unit.",sentence_final,local,geology/climate,1,1,1,1,False,
Practice Test E,26,Written Expression,VERB_COMPLEMENTATION,predicate adjective required after linking verb 'be' (noun 'alignment' used instead of adjective 'aligned'),"compound subject 'Sun, Moon, and Earth';time clause with 'when'",20,2,B,B,adjective,incorrect_part_of_speech,"After the linking verb 'are', a predicate adjective describing the three bodies is required, but the noun 'alignment' is used instead of the adjective 'aligned'.",change 'alignment' to 'aligned',False,conjunction,introduces the subordinate time clause; correctly used.,True,predicate_adjective,"immediately follows the linking verb in the expected complement slot, but is a noun rather than the required adjective.",False,main_verb,verb of the coordinate clause; correctly agrees with the singular subject 'Moon'.,False,main_verb,main verb of the main clause; correctly agrees with the singular subject 'eclipse'.,middle,local,astronomy,2,2,2,2,False,
Practice Test E,27,Written Expression,REFERENCE_AND_DETERMINERS,"pronoun-antecedent number agreement (its vs. their, referring to a plural antecedent)","coordinate list 'rhythm, simple modelings, and harmonies'",21,1,B,B,pronoun,incorrect_reference,"The pronoun refers back to 'paintings', a plural antecedent, so the plural possessive 'their' is required rather than singular 'its'.",change 'its' to 'their',False,conjunction,joins 'mothers' and 'children'; correctly used.,True,pronoun,"looks like an ordinary possessive pronoun, and its nearness to the singular-sounding phrase before it can obscure that the true antecedent, 'paintings', is plural.",False,noun_phrase,one item in a coordinate list; correctly formed.,False,adjective,modifies 'color'; correctly formed.,middle,clause_level,art history,2,2,2,2,False,
Practice Test E,28,Written Expression,NONFINITE_VERB_PHRASES,finite verb incorrectly used where a reduced participial (relative) phrase is required ('energy derived from sunlight'),compound object 'water and carbon dioxide',17,1,D,D,verb_phrase,wrong_verb_form,"The phrase describing 'energy' should be a reduced participial modifier ('energy derived from sunlight'), not a finite verb, since there is no conjunction to link a new clause here.",change 'is derived' to 'derived',False,main_verb,main verb of the sentence; correctly agrees with the plural subject 'Plants'.,False,noun_phrase,part of the phrase 'the aid of'; correctly formed.,False,noun_phrase,"object of 'of'; correctly formed, and the noun this modifier should attach to.",True,verb_phrase,"reads like an ordinary finite verb continuing the sentence, masking that a non-finite participle is needed to modify 'energy'.",sentence_final,clause_level,biology/photosynthesis,3,3,3,3,False,
Practice Test E,29,Written Expression,REFERENCE_AND_DETERMINERS,singular indefinite article with a plural noun (a powerful emotions vs. a powerful emotion),"coordinate list 'tenderness, grace, and wit'",16,1,B,B,noun_phrase,agreement_error,The singular indefinite article 'a' cannot combine with the plural noun 'emotions'; the noun must be made singular to agree with the article.,change 'emotions' to 'emotion',False,adjective,superlative adjective modifying 'music'; correctly formed.,True,noun_phrase,"each word looks fine individually, but the plural noun conflicts with the singular article 'a' immediately before it.",False,noun_phrase,first item in the coordinate list after 'with'; correctly formed.,False,noun_phrase,final item in the coordinate list; correctly formed.,middle,local,music/culture,2,2,2,2,False,
Practice Test E,30,Written Expression,PARALLEL_STRUCTURE,"parallel adjectives in a coordinate list modifying a noun (social, economic, and political issues)",infinitive phrase 'to inscribe',17,1,D,D,adjective,incorrect_part_of_speech,"The three-item list 'social, economic, and ___' modifies 'issues' and requires a parallel adjective; the noun 'politics' breaks that pattern.",change 'politics' to 'political',False,preposition,introduces the time phrase; correctly used.,False,subject,subject of the main clause; correctly formed.,False,object,direct object of the main verb; correctly formed.,True,adjective,"a familiar noun that fits the topic, but the surrounding coordinate list of adjectives requires 'political' instead.",sentence_final,clause_level,history/textile arts,2,2,2,2,False,
Practice Test E,31,Written Expression,VERB_COMPLEMENTATION,predicate adjective required after a noun phrase (capable of) instead of the noun 'capability',noun clause 'that life forms...';infinitive of purpose 'to form shells',23,2,D,D,adjective,incorrect_part_of_speech,The phrase describing the animals' ability requires the adjective 'capable' followed by 'of'; the noun 'capability' cannot fill this modifying slot after 'animals'.,change 'capability' to 'capable',False,main_verb,main verb of the sentence; correctly agrees with the plural subject 'Fossils'.,False,conjunction,introduces the noun clause functioning as the object of 'demonstrate'; correctly used.,False,main_verb,verb of the noun clause; correctly agrees with its plural subject.,True,predicate_adjective,"closely related in meaning to the required word and sits right after the noun it describes, but it is a noun form where an adjective is needed.",late,local,paleontology,3,3,3,3,False,
Practice Test E,32,Written Expression,VERB_FORM_VOICE,"active progressive used where passive voice is required (are not cut off, not cutting off)",causal clause with 'because',21,2,C,C,verb_phrase,wrong_voice,"The rainbows do not perform the cutting; they are acted upon by the horizon, so the passive form 'are not cut off' is required instead of the active 'are cutting off'.",change 'cutting' to 'cut',False,adjective,modifies 'circles'; correctly formed.,False,verb_phrase,passive main verb; correctly formed.,True,verb_phrase,"an ordinary active progressive form that reads naturally, masking that the subject 'they' is the entity being acted on, not the actor.",False,noun_phrase,"object of 'by', naming the agent; correctly formed.",sentence_final,clause_level,atmospheric optics,3,3,3,3,False,
Practice Test E,33,Written Expression,WORD_CLASS_FORM,"clause subject requires a noun form, not an adjective (Hot vs. Heat)","parallel infinitives 'expand, rise, and flow'",15,1,A,A,noun_phrase,incorrect_part_of_speech,"The subject of the sentence must be a noun, but the adjective 'Hot' is used instead of the noun 'Heat'.",change 'Hot' to 'Heat',True,subject,"occupies the sentence-opening subject slot and names the relevant concept, but it is an adjective rather than the required noun.",False,verb_phrase,first item in a parallel list of infinitives; correctly formed.,False,verb_phrase,second item in the parallel infinitive list; correctly formed.,False,verb_phrase,third item in the parallel infinitive list; correctly formed.,sentence_initial,local,physics/meteorology,2,2,2,2,False,
Practice Test E,34,Written Expression,PARALLEL_STRUCTURE,"parallel nouns in a list of senses (sight, hearing, taste, touch, smell); a bare verb breaks the pattern",subordinate clause with 'Although';appositive phrase explaining ESP,27,2,C,C,noun_phrase,incorrect_part_of_speech,"The list of senses requires parallel nouns ('sight, hearing, taste, touch, or smell'); the bare verb form 'hear' breaks the required noun pattern.",change 'hear' to 'hearing',False,preposition,introduces the time phrase; correctly used.,False,subject,subject of the main clause; correctly formed.,True,noun_phrase,"names a familiar sense and fits the topic, but the surrounding list of noun forms requires 'hearing' rather than the bare verb.",False,main_verb,main verb of the sentence; correctly agrees with the singular subject.,late,clause_level,psychology/parapsychology,3,3,3,3,False,
Practice Test E,35,Written Expression,REFERENCE_AND_DETERMINERS,quantifier agreement with an uncountable noun ('as much as' vs. 'as many as' the income),reduced passive relative clause 'produced in the United States';gerund phrase 'marketing the films',22,1,A,A,quantifier,agreement_error,"'Many' is a quantifier for countable plural nouns, but 'income' is uncountable, so 'as much as' is required instead of 'as many as'.",change 'many' to 'much',True,quantifier,"a common intensifying phrase before a number, but it requires knowing that 'income' is uncountable to see the mismatch.",False,noun_modifier,reduced passive participle modifying 'motion pictures'; correctly formed.,False,main_verb,main verb of the sentence; correctly agrees with its singular subject.,False,adverb,modifies 'marketing the films'; correctly formed.,sentence_initial,local,economics/film industry,3,4,4,4,False,
Practice Test E,36,Written Expression,VERB_COMPLEMENTATION,"prepositional complementation of a passive verb ('associated with', not 'associated by')",compound predicate 'controlled...and associated...',12,1,B,B,prepositional_phrase,wrong_preposition_collocation,"The passive verb 'associated' idiomatically takes the preposition 'with', not 'by'.",change 'by' to 'with',False,verb_phrase,first passive verb in the compound predicate; correctly formed with 'by' marking the agent.,True,verb_phrase,"the preposition 'by' worked correctly with the first coordinate verb, which can mislead a reader into assuming it also fits this second, differently-complemented verb.",False,adjective,modifies 'breathing rhythms'; correctly formed.,False,noun_phrase,object of the preceding adjective; correctly formed.,late,local,physiology/neuroscience,2,2,2,2,False,
Practice Test E,37,Written Expression,WORD_ORDER_MODIFICATION,adjective-noun order within a noun phrase (military fort vs. fort military),non-restrictive relative clause 'which was originally...';participial phrase 'making Quebec...',24,2,B,B,noun_phrase,wrong_word_order,English places a descriptive adjective before the noun it modifies; 'fort military' reverses the required order of 'military fort'.,change 'fort military' to 'military fort',False,preposition,introduces the location phrase modifying 'walls'; correctly used.,True,noun_phrase,"both words are correct individually, so only checking their order against standard adjective-noun placement reveals the reversal.",False,main_verb,main verb of the sentence; correctly agrees with the plural subject 'walls'.,False,determiner,modifies 'walled city'; correctly formed.,middle,local,history/architecture,2,2,2,2,False,
Practice Test E,38,Written Expression,REFERENCE_AND_DETERMINERS,"singular noun lacking plural marking, mismatched with a later plural pronoun ('automobile' vs. 'automobiles' ... 'them')",subordinate clause with 'until',15,2,A,A,noun_phrase,agreement_error,"The later plural pronoun 'them' shows the sentence is discussing automobiles generically as a plural class, so the singular, articleless 'automobile' must be pluralized.",change 'automobile' to 'automobiles',True,noun_phrase,"reads acceptably on its own as a generic singular noun, but conflicts with the plural pronoun used to refer back to it later in the sentence.",False,adverb,modifies 'expensive'; correctly formed.,False,noun_modifier,compound adjective modifying 'techniques'; correctly formed.,False,main_verb,main verb of the subordinate clause; correctly agrees with its subject.,early,cross_clause,industrial history,3,3,3,3,False,
Practice Test E,39,Written Expression,PARALLEL_STRUCTURE,parallel nouns in a four-part 'by X' list; an adjective breaks the pattern (thematic intense vs. thematic intensity),parallel 'by' phrases;passive construction 'is characterized by',24,1,C,C,noun_phrase,incorrect_part_of_speech,"The sentence lists four parallel 'by' phrases naming characteristics ('by diction, by a narrative, by ___, and by stress'); the adjective 'intense' breaks the required noun pattern, which needs 'intensity'.",change 'intense' to 'intensity',False,main_verb,passive main verb introducing the list; correctly formed.,False,adjective,participial adjective modifying 'narrative'; correctly formed.,True,noun_phrase,"fits the thematic vocabulary of the sentence and sits in a plausible slot, but only comparing it with the other three parallel nouns reveals it is the wrong part of speech.",False,noun_phrase,final item in the parallel list; correctly formed as a noun.,late,clause_level,literature/music (the ballad),3,3,3,3,False,
Practice Test E,40,Written Expression,VERB_FORM_VOICE,"active voice used where passive voice is required (have been evaluated, not have evaluated)",relative clause 'against which...',17,2,D,D,verb_phrase,wrong_voice,"The wives are the ones being judged against the standard, not the ones doing the judging, so the passive 'have been evaluated' is required instead of the active 'have evaluated'.",change 'have evaluated' to 'have been evaluated',False,main_verb,main verb of the main clause; correctly agrees with its subject.,False,subject,subject of the relative clause; correctly formed.,False,quantifier,quantifies 'United States Presidents'; correctly used.,True,verb_phrase,"a plausible-looking present perfect form, but it omits the passive auxiliary needed since the subject is the one being evaluated, not doing the evaluating.",sentence_final,clause_level,US history/biography,3,3,3,3,False,
Practice Test F,16,Written Expression,PARALLEL_STRUCTURE,"parallel gerunds in a three-item coordinate list (breeding, feeding, and ___)",gerund list as object of preposition;present perfect tense,17,1,D,D,gerund_phrase,wrong_verb_form,"The word is the third item in a coordinate list of gerunds ('breeding, feeding, and ___') that are all objects of 'of'; the bare verb form breaks the required parallel gerund pattern.",change 'manage' to 'managing',False,main_verb,"present perfect verb; a test-taker might check tense/agreement with 'farmers', but it is correctly formed.",False,adverb,modifies the main verb; correctly formed and placed adverb of degree.,False,adjective,"past-participle adjective modifying 'methods'; correctly formed, though its -ed form might invite scrutiny.",True,verb_phrase,"looks like an ordinary bare verb naming the activity, masking that the two preceding parallel items are gerunds.",sentence_final,clause_level,agriculture,2,3,3,3,False,
Practice Test F,17,Written Expression,WORD_CLASS_FORM,adverb wrongly used to modify a noun where an attributive adjective is required ('rapid drop'),relative clause introduced by 'in which',23,2,B,B,adverb,incorrect_part_of_speech,"The word directly modifies the noun 'drop' inside the relative clause, so an adjective is required, but the -ly adverb form is used instead.",change 'rapidly' to 'rapid',False,noun_phrase,predicate nominative after 'is'; correctly formed.,True,adjective,"the -ly ending looks like a normal adverb modifying a nearby verb, obscuring that it actually sits directly before the noun it modifies.",False,main_verb,verb of the relative clause; correctly agrees with singular 'drop'.,False,article,article before a vowel-initial noun; correctly formed as 'an'.,early,local,medicine/physiology,3,2,2,2,False,
Practice Test F,18,Written Expression,REFERENCE_AND_DETERMINERS,"possessive pronoun-antecedent number agreement (her vs their, referring to plural 'infants')",compound predicate joined by 'and',24,1,C,C,pronoun,incorrect_reference,"The possessive pronoun refers back to the plural subject 'infants', so 'their' is required rather than the singular 'her'.",change 'her' to 'their',False,main_verb,main verb of the sentence; correctly agrees with plural 'infants'.,False,adjective,part of a comparison ('over other sounds'); correctly used.,True,pronoun,"reads naturally as an ordinary possessive right before 'own mothers'', masking the mismatch with the plural subject 'infants'.",False,noun_phrase,object of the preposition 'to'; correctly formed plural noun.,late,clause_level,psychology/child development,3,2,3,2,False,
Practice Test F,19,Written Expression,WORD_CLASS_FORM,"adjective wrongly used as the head noun of a compound noun phrase ('River region', not 'River regional')",present perfect tense;compound proper-noun modifier chain,21,1,B,B,adjective,incorrect_part_of_speech,"The word must function as the head noun of the prepositional object phrase begun by 'of the Upper Mississippi River', but the adjective form is used instead of the noun.",change 'regional' to 'region',False,preposition,introduces the long noun-phrase object; correctly used.,True,noun_phrase,"looks like a plausible descriptive adjective at the end of a place-name chain, concealing that a noun is required as the head of the phrase.",False,noun_phrase,object of 'produce'; correctly formed plural noun.,False,noun_phrase,object of the duration phrase 'for almost 150'; correctly formed plural noun.,middle,local,anthropology/Native American history,2,3,2,2,False,
Practice Test F,20,Written Expression,REFERENCE_AND_DETERMINERS,"indefinite article 'a' requires a singular noun (a...ship, not a...ships)",neither...nor correlative appositive;relative clause 'that floats',19,2,C,C,noun_phrase,agreement_error,"The singular article 'a' before the hyphenated modifier '50,000-ton' requires a singular head noun, but the plural form is used.",change 'ships' to 'ship',False,adverb,intensifying adverb modifying 'nothing'; correctly used.,False,main_verb,verb of the relative clause 'that floats'; correctly agrees with singular 'that'.,True,noun_phrase,"the plural form looks natural describing a large object, but conflicts with the preceding singular article 'a'.",False,noun_phrase,object of 'escape'; correctly formed.,late,local,physics/oceanography,3,2,3,2,False,
Practice Test F,21,Written Expression,VERB_COMPLEMENTATION,predicate nominative number agreement with a plural subject (owner vs owners after 'Wright Brothers were'),compound sentence joined by 'and';infinitive phrase of purpose 'to make',23,2,A,A,noun_phrase,agreement_error,"The predicate nominative following the plural subject 'The Wright Brothers were' must be plural, but the singular noun is used.",change 'owner' to 'owners',True,noun_phrase,"reads naturally as a role description, masking that it fails to match the number of the plural subject.",False,quantifier,quantifying phrase before 'bicycle parts'; correctly formed.,False,adjective,determiner-adjective phrase modifying 'airplane'; correctly formed.,False,adjective,"participial adjective modifying 'airplane', parallel with 'original'; correctly formed.",early,clause_level,history of technology/aviation,2,2,2,2,False,
Practice Test F,22,Written Expression,PARALLEL_STRUCTURE,"parallel adjectives in a coordinate list modifying a noun (bright, ___, opaque or transparent minerals)",reduced passive relative clause 'found in...',16,1,B,B,noun_phrase,incorrect_part_of_speech,"The word sits in a coordinate list of adjectives modifying 'minerals' ('bright, ___, opaque or transparent'); a noun cannot fill this adjective slot.",change 'color' to 'colorful' (or 'colored'),False,adverb,modifies 'bright'; correctly formed and placed.,True,adjective,"names the relevant property directly, which looks acceptable in isolation, but the surrounding list requires an adjective form, not a noun.",False,verb_phrase,reduced participial phrase modifying 'minerals'; correctly formed.,False,noun_phrase,object of 'in'; correctly formed.,early,clause_level,geology/mineralogy,2,3,3,3,False,
Practice Test F,23,Written Expression,PARALLEL_STRUCTURE,parallel gerunds joined by 'and' after a preposition (discovering and interpreting),non-restrictive relative clause 'in which...';passive perfect infinitive 'is considered to have originated',33,2,C,C,gerund_phrase,wrong_verb_form,"The word is the second element coordinated with 'discovering' after the preposition 'by'; the parallel gerund pattern requires a matching -ing form, but a noun is used instead.",change 'interpretation' to 'interpreting',False,relative_pronoun,introduces the relative clause with a preceding preposition; correctly used for the thing antecedent 'story'.,False,verb_phrase,main verb of the relative clause; correctly agrees with 'detective'.,True,verb_phrase,"a plausible-looking noun naming the action, but it breaks the parallel gerund pattern set by 'discovering'.",False,verb_phrase,perfect infinitive complement after 'considered'; correctly formed passive-like structure.,middle,clause_level,literature/history,3,3,3,3,False,
Practice Test F,24,Written Expression,REFERENCE_AND_DETERMINERS,"bare plural noun required in a compound noun phrase (women nurses, not women nurse)",prepositional phrase of time 'during the Civil War',16,1,B,B,noun_phrase,agreement_error,"The phrase describes a corps consisting of many nurses, so the head noun must be plural, but the singular form is used after 'women'.",change 'nurse' to 'nurses',False,subject,head of the subject noun phrase; correctly formed singular ('the superintendent').,True,noun_phrase,"reads acceptably as a compound noun in isolation, but the referent is a group of many nurses, requiring the plural.",False,preposition,introduces the time phrase; correctly used.,False,main_verb,linking verb; correctly agrees with the singular subject 'superintendent'.,early,local,history (Civil War),1,2,2,1,False,
Practice Test F,25,Written Expression,PARALLEL_STRUCTURE,"parallel nouns/gerunds in a three-item list (rising unemployment, less ___, and meager business investments)",introductory participial phrase 'linked with...';infinitive complement 'to declare',23,1,B,B,gerund_phrase,wrong_verb_form,"The word is the second item in a three-part list of nouns ('unemployment', '___', 'investments'); the bare verb form breaks the required parallel noun/gerund pattern.",change 'spend' to 'spending',False,adjective,modifies 'growth'; correctly formed.,True,verb_phrase,"looks like an ordinary bare verb, masking that the surrounding list items are nouns/gerunds.",False,noun_phrase,third item in the parallel list; correctly formed as a noun phrase.,False,infinitive_marker,infinitive complement after 'led many experts'; correctly formed.,middle,clause_level,economics/history,3,3,3,3,False,
Practice Test F,26,Written Expression,REFERENCE_AND_DETERMINERS,"article selection before a vowel sound (an understanding, not a understanding)",gerund phrase as subject;parallel noun phrase 'range and characteristics',14,1,B,B,determiner,agreement_error,"The following noun begins with a vowel sound, so the article must be 'an', but the consonant-form article is used.",change 'a' to 'an',False,gerund,gerund phrase functioning as the sentence subject; correctly formed.,True,article,"looks like the ordinary indefinite article, but the following vowel-initial noun requires the 'an' form.",False,noun_phrase,second item in a parallel noun pair with 'range'; correctly formed.,False,quantifier,distributive quantifier before singular 'instrument'; correctly used.,early,local,music,1,1,1,1,False,
Practice Test F,27,Written Expression,VERB_COMPLEMENTATION,"adjective + preposition collocation ('rich in', not 'rich of')",compound sentence with 'and';subordinate clause with 'because',27,3,A,A,prepositional_phrase,wrong_preposition_collocation,"The adjective 'rich' idiomatically takes the preposition 'in' to introduce the substance a place is abundant in, not 'of'.",change 'of' to 'in',True,preposition,"a plausible-sounding preposition of possession/composition, but it does not collocate with the adjective 'rich' in this sense.",False,verb_phrase,passive verb of the subordinate clause; correctly agrees with '50 percent of the land'.,False,adjective,determiner-adjective phrase modifying 'industry'; correctly formed.,False,noun_phrase,predicate nominative after 'is'; correctly formed.,early,local,geography/natural resources,2,2,2,2,False,
Practice Test F,28,Written Expression,REFERENCE_AND_DETERMINERS,"distributive quantifier 'each' requires a singular noun (each major style, not styles)",subordinate clause with 'because';infinitive complement 'to resolve',20,2,A,A,noun_phrase,agreement_error,"The distributive quantifier 'each' always combines with a singular noun, but the plural form is used.",change 'styles' to 'style',True,subject,"reads naturally as a plural subject describing multiple styles, obscuring that 'each' forces a singular noun.",False,main_verb,"past-tense verb; agreement is not marked for number here, so it looks unremarkable.",False,prepositional_phrase,part of the infinitive phrase 'appeared for architects to resolve'; correctly formed.,False,infinitive_marker,introduces the infinitive complement; correctly formed.,sentence_initial,local,architecture,2,2,2,2,False,
Practice Test F,29,Written Expression,VERB_COMPLEMENTATION,"past-participle + preposition collocation ('related to', not 'related for')",quantifier 'Much of' with uncountable noun,17,1,B,B,prepositional_phrase,wrong_preposition_collocation,"The past participle 'related' idiomatically collocates with the preposition 'to', not 'for', when linking a topic to research.",change 'for' to 'to',False,quantifier,quantifier before the uncountable noun 'research'; correctly used.,True,preposition,"a plausible general-purpose preposition of reason, but it does not collocate with 'related' in this sense.",False,main_verb,main verb of the sentence; correctly agrees with singular 'research'.,False,noun_phrase,object of 'of'; correctly formed.,early,local,mathematics,2,3,3,2,False,
Practice Test F,30,Written Expression,NONFINITE_VERB_PHRASES,extraneous adverb interrupting a participial phrase and its object (starring together Humphrey Bogart),relative clause 'who later became...',21,2,C,C,adverb,extraneous_element,The participle 'starring' already conveys joint billing and takes its object directly; inserting the adverb between the participle and its object is unnecessary and ungrammatical.,delete 'together',False,main_verb,past-tense main verb; correctly agrees with 'Lauren Bacall'.,False,noun_phrase,object of the main verb; correctly formed.,True,adverb,"seems to reinforce the idea of co-starring, so it looks like a natural addition, but it cannot grammatically sit between the participle and its direct object.",False,adverb,modifies 'became' within the relative clause; correctly placed.,late,local,film history/biography,2,4,3,3,True,"The error is an extraneous adverb wedged between a participle and its direct object within a participial phrase; NONFINITE_VERB_PHRASES (participle form selection) is used as the closest fit, though the phenomenon is really an extraneous-element/word-order issue rather than a form-selection one."
Practice Test F,31,Written Expression,COMPARATIVES_DEGREE,degree word + result clause: 'so...that' required instead of 'very...that',adjective + infinitive complement 'difficult to see',13,2,A,A,comparative_marker,wrong_degree_form,"A result clause introduced by 'that' must be paired with the degree word 'so', not the plain intensifier 'very', which cannot license a following 'that'-clause of result.",change 'very' to 'so',True,adverb,"a common, ordinary-sounding intensifier before an adjective, concealing that it fails to license the following result clause.",False,predicate_adjective,predicate adjective in the result clause; correctly agrees with plural 'spots'.,False,infinitive_marker,introduces the infinitive complement of 'difficult'; correctly used.,False,verb_phrase,infinitive verb completing 'difficult to see'; correctly formed.,early,cross_clause,zoology,2,3,3,3,False,
Practice Test F,32,Written Expression,CONNECTORS_CONJUNCTIONS,subordinating conjunction 'if' used where a preposition is required before a bare noun phrase (during heavy rains),relative clause 'that might otherwise be washed away';passive voice,17,2,D,D,conjunction,incorrect_subordinator,"'If' is a subordinating conjunction that requires a following subject and verb, but only a bare noun phrase follows; a preposition such as 'during' is needed instead.",change 'if' to 'during',False,adverb,introductory prepositional phrase of place; correctly formed.,False,noun_phrase,object of 'bind to'; correctly formed.,False,adverb,modifies the passive verb phrase 'be washed away'; correctly placed.,True,conjunction,"commonly introduces conditional clauses, so it looks acceptable, but no verb follows to complete a clause.",sentence_final,local,environmental science/forestry,3,3,3,3,False,
Practice Test F,33,Written Expression,RELATIVE_CLAUSES,"relative pronoun choice after a preposition (for which, not for what), referring to a previously named noun",subordinate time clause 'when she published...';appositive book title,23,3,C,C,relative_marker,incorrect_relative_marker,"The clause refers back to the previously named novel, so a relative pronoun with an antecedent ('which') is required, but 'what', which has no antecedent, is used instead.",change 'what' to 'which',False,predicate_adjective,age complement after 'was'; correctly formed.,False,main_verb,verb of the subordinate time clause; correctly agrees with 'she'.,True,relative_pronoun,"'for what' can sound like a fixed phrase, but the clause has a clear antecedent (the novel), which 'what' cannot take.",False,quantifier,quantifier before the uncountable noun 'acclaim'; correctly used.,late,sentence_level,literature,3,2,3,2,False,
Practice Test F,34,Written Expression,REFERENCE_AND_DETERMINERS,missing possessive determiner before 'own' (their own species),introductory prepositional phrase 'Through the process of imprinting';coordinate infinitive complement 'learn to recognize and follow',21,1,D,D,determiner,missing_required_element,'Own' must be preceded by a possessive determiner agreeing with the subject; the possessive 'their' is missing before it.,change 'of own species' to 'of their own species',False,preposition,introduces the introductory phrase; correctly used.,False,subject,generic nominalized subject referring to young animals; correctly formed.,False,noun_phrase,object of 'follow'; correctly formed.,True,determiner,"'own' often appears right after a possessive and can be misread as complete on its own, but the possessive determiner it depends on is missing.",sentence_final,local,biology/animal behavior,2,2,2,2,False,
Practice Test F,35,Written Expression,CLAUSE_STRUCTURE,extraneous anticipatory pronoun 'it' duplicating a following noun-phrase object (make it possible NP),gerund subject 'The invention of...';infinitive complement 'continues to make',16,1,B,B,verb_phrase,extraneous_element,"A full noun phrase ('the vivid expression of emotions') follows as the true object, so the placeholder pronoun 'it' is redundant and must be dropped.",delete 'it' (change 'make it possible' to 'make possible'),False,adjective,modifies 'metaphors'; correctly formed.,True,verb_phrase,"resembles the common pattern 'make it possible for X to Y', making it look acceptable, but here a noun phrase object directly follows, so the placeholder 'it' is redundant.",False,noun_phrase,head of the true object noun phrase; correctly formed.,False,prepositional_phrase,modifies 'expression'; correctly formed.,middle,clause_level,linguistics/literature,3,3,3,3,False,
Practice Test F,36,Written Expression,WORD_ORDER_MODIFICATION,"adverb + past-participle premodifier word order (irregularly folded, not folded irregularly)",non-restrictive relative clause 'the links of which are amino acids';phrasal-verb passive 'made up of',16,2,B,B,participial_phrase,wrong_word_order,"When an adverb premodifies a participle that itself modifies a noun, the adverb must precede the participle ('irregularly folded'), not follow it.",change 'folded irregularly' to 'irregularly folded',False,verb_phrase,passive phrasal-verb main verb; correctly agrees with plural 'Proteins'.,True,noun_modifier,"each word is grammatical on its own, so only the reversed adverb-participle order reveals the problem when read closely.",False,noun_phrase,subject of the non-restrictive relative clause; correctly formed.,False,relative_pronoun,refers back to 'chains'; correctly used.,middle,local,biochemistry,3,3,3,3,False,
Practice Test F,37,Written Expression,CLAUSE_STRUCTURE,subject-verb-pronoun agreement (a plural subject noun conflicts with a singular verb and pronoun elsewhere in the clause),subordinate clause with 'Although';reduced passive participial phrase 'provided by bird-watchers',25,2,B,B,noun_phrase,agreement_error,"The verb 'appears' and the pronoun 'its' later in the clause are both singular, so the subject noun must also be singular (a single edit fixes agreement with both), but the plural form is used.",change 'cardinals' to 'cardinal',False,preposition,introduces the reduced participial phrase in the subordinate clause; correctly used.,True,subject,"looks like a natural plural subject describing the species generally, but it conflicts with the singular verb and pronoun that follow in the same clause.",False,main_verb,singular verb form; correct once the subject is read as the intended singular generic reference.,False,conjunction,links the two alternatives 'alone' and 'with its mate'; correctly used.,late,clause_level,ornithology,3,4,4,4,False,
Practice Test F,38,Written Expression,REFERENCE_AND_DETERMINERS,"extraneous definite article before a generic academic-discipline noun (Astronomy, not The astronomy)",coordinated independent clauses joined by 'but';infinitive complement 'continues to be',17,2,A,A,determiner,extraneous_element,"Names of academic disciplines used generically do not take a definite article, so 'the' before 'astronomy' is unnecessary.",delete 'The' (change 'The astronomy' to 'Astronomy'),True,article,"looks like a routine definite article before a subject noun, masking that generic discipline names take no article.",False,noun_phrase,predicate nominative after 'is'; correctly formed.,False,noun_phrase,object of 'at'; correctly formed.,False,noun_phrase,object of 'of'; correctly formed.,sentence_initial,local,history of science/astronomy,1,2,2,1,False,
Practice Test F,39,Written Expression,REFERENCE_AND_DETERMINERS,"extraneous definite article before an abstract uncountable noun used generically (nature, not the nature)",relative clause 'who is remembered for...',20,2,D,D,noun_phrase,extraneous_element,"'Nature' used in this general, abstract sense does not take a definite article, so 'the' before it is unnecessary.",delete 'the' (change 'the nature' to 'nature'),False,verb_phrase,passive relative-clause verb; correctly agrees with 'who'.,False,noun_phrase,object of 'for'; correctly formed.,False,noun_phrase,object of 'in'; correctly formed.,True,noun_phrase,"the article looks like ordinary noun-phrase formation, obscuring that this generic abstract sense of the noun takes no article.",sentence_final,local,literature/philosophy,2,2,2,1,False,
Practice Test F,40,Written Expression,CLAUSE_STRUCTURE,subject-verb agreement with a singular uncountable-noun subject joined by 'or' (bullion...serves),compound subject with 'or';prepositional phrase 'as mediums of exchange',15,1,A,A,verb_phrase,agreement_error,"The subject 'Gold or silver bullion' takes the singular uncountable noun 'bullion' as its head, so the verb must be singular, but the plural form is used.",change 'serve' to 'serves',True,main_verb,"looks like a normal plural verb given the 'X or Y' subject, obscuring that the head noun 'bullion' is singular.",False,preposition,introduces the following noun phrase; not the marked error in this item.,False,adverb,idiomatic phrase modifying location; correctly used.,False,noun_phrase,object of 'over'; correctly formed.,early,local,economics/history,2,2,2,2,False,
